Company Name,Address,Phone,Website,Mail,Facebook,Instagram,Company Link,Company ID
KFC ehf,,570 6761,http://www.kfc.is/,mailto:kfc@kfc.is,https://www.facebook.com/kfc.is,,http://www.rsk.is/fyrirtaekjaskra/leit/kennitala/5401983149,540198-3149
Hamborgarabúlla Tómasar,,511 0800,http://www.bullan.is/,,https://www.facebook.com/hamborgarabullan/,https://instagram.com/hamborgarabullatomasar/,,
Sky Lagoon,"Vesturvör 44, 200 Kópavogi",527 6800,https://www.skylagoon.com/,mailto:info@skylagoon.is,https://www.facebook.com/SkyLagoonIceland/,https://instagram.com/skylagooniceland/,http://www.rsk.is/fyrirtaekjaskra/leit/kennitala/6502190580,650219-0580
Forest Lagoon - Skógarböð,"Skógarböðum, 605 Akureyri (dreifbýli)",585 0090,http://www.forestlagoon.is/,mailto:info@forestlagoon.is,https://www.facebook.com/Sk%C3%B3garb%C3%B6%C3%B0-106137405187090,https://instagram.com/forestlagoon,http://www.rsk.is/fyrirtaekjaskra/leit/kennitala/5211201420,521120-1420
Brasserie Kársnes,"Hafnarbraut 13b, 200 Kópavogi",517 2020,https://www.brasseriekarsnes.is/,mailto:info@brasseriekarsnes.is,https://www.facebook.com/BrasserieKarsnes,https://www.instagram.com/brasserie_karsnes/,http://www.rsk.is/fyrirtaekjaskra/leit/kennitala/4502210580,450221-0580
Smáralind ehf,"Hagasmára 1 Smáralind, 201 Kópavogi",528 8000,https://www.smaralind.is/,mailto:smaralind@smaralind.is,https://www.facebook.com/pages/Sm%C3%A1ralind/99533063749,https://www.instagram.com/smaralind/,http://www.rsk.is/fyrirtaekjaskra/leit/kennitala/5504962329,550496-2329
Center Hotels Aðalskrifstofa,"Þverholti 14, 105 Reykjavík",595 8500,https://www.centerhotels.com/,,https://www.facebook.com/CenterHotels,https://www.instagram.com/centerhotels/,http://www.rsk.is/fyrirtaekjaskra/leit/kennitala/4509051430,450905-1430
Ísey Skyr Bar,,,https://iseyskyrbar.is/,,https://www.facebook.com/iseyskyrbar,,http://www.rsk.is/fyrirtaekjaskra/leit/kennitala/4110033370,411003-3370
Kúmen,"Kringlunni 4-12, 103 Reykjavík",517 9000,https://kumen.is/,mailto:kumen@kumen.is,https://www.facebook.com/kumenreykjavik,https://www.instagram.com/kumen_reykjavik/,http://www.rsk.is/fyrirtaekjaskra/leit/kennitala/5004002930,500400-2930
Hótel Rangá,"Suðurlandsvegi, 851 Hellu (dreifbýli)",487 5700,https://www.hotelranga.is/,mailto:hotelranga@hotelranga.is,https://www.facebook.com/hotelranga?fref=ts,,http://www.rsk.is/fyrirtaekjaskra/leit/kennitala/6410051420,641005-1420
Domino's Pizza,,581 2345,https://www.dominos.is/,,https://www.facebook.com/Dominos.is,https://www.instagram.com/dominos_iceland/,http://www.rsk.is/fyrirtaekjaskra/leit/kennitala/4802932669,480293-2669
Íslandshótel hf,"Hallgerðargötu 13, 105 Reykjavík",510 5600,http://www.islandshotel.is/,mailto:islandshotel@islandshotel.is,https://www.facebook.com/islandshotel.is/,,http://www.rsk.is/fyrirtaekjaskra/leit/kennitala/6301692919,630169-2919
Óskaskrín ehf,"Suðurlandsbraut 30, - 4.hæð gengið inn baka til, 108 Reykjavík",577 5600,https://www.oskaskrin.is/,mailto:info@oskaskrin.is,https://www.facebook.com/Oskaskrin/?fref=ts,,http://www.rsk.is/fyrirtaekjaskra/leit/kennitala/5401111110,540111-1110
Sbarro,,514 1414,https://sbarro.is/,mailto:steini@sbarro.is,https://www.facebook.com/Sbarro-%C3%8Dslandi-31924193508/?fref=ts,https://instagram.com/sbarroiceland,http://www.rsk.is/fyrirtaekjaskra/leit/kennitala/6712044410,671204-4410
Kol veitingahús,"Skólavörðustíg 40, 101 Reykjavík",517 7474,http://www.kolrestaurant.is/,mailto:info@kolrestaurant.is,https://www.facebook.com/kolrestaurant/,https://www.instagram.com/kolrestaurant/,http://www.rsk.is/fyrirtaekjaskra/leit/kennitala/4811130910,481113-0910
Lemon,"Suðurlandsbraut 4, 108 Reykjavík",519 5555,http://www.lemon.is/,mailto:brostu@lemon.is,https://www.facebook.com/LemonIceland/?fref=ts&ref=br_tf,https://www.instagram.com/lemoniceland/,http://www.rsk.is/fyrirtaekjaskra/leit/kennitala/6111121140,611112-1140
Lebowski bar,"Laugavegi 20a, 101 Reykjavík",552 2300,https://www.lebowskibar.is/,mailto:info@lebowskibar.is,https://www.facebook.com/lebowskibariceland,https://www.instagram.com/lebowskibar,http://www.rsk.is/fyrirtaekjaskra/leit/kennitala/6004090770,600409-0770
Ferðaþjónustan í Heydal,"Mjóafirði, 401 Ísafirði (dreifbýli)",456 4824,https://www.heydalur.is/,mailto:heydalur@heydalur.is,https://www.facebook.com/helhyse,https://www.instagram.com/heydalur.is/,http://www.rsk.is/fyrirtaekjaskra/leit/kennitala/6705024140,670502-4140
Pure deli ehf ( Bláu húsin við Faxafen ),"Suðurlandsbraut 48, 108 Reykjavík",553 3133,https://puredeli.is/,mailto:puredeli@puredeli.is,https://www.facebook.com/puredeli1/?ref=br_rs,,http://www.rsk.is/fyrirtaekjaskra/leit/kennitala/5010171080,501017-1080
Matarkjallarinn - Food Cellar,"Aðalstræti 2, 101 Reykjavík",558 0000,http://matarkjallarinn.is/,mailto:info@matarkjallarinn.is,https://www.facebook.com/Matarkjallarinn/,https://instagram.com/matarkjallarinn/,http://www.rsk.is/fyrirtaekjaskra/leit/kennitala/6311151600,631115-1600
Hótel Örk,"Breiðumörk 1c, 810 Hveragerði",483 4700,http://www.hotelork.is/,mailto:booking@hotelork.is,https://www.facebook.com/hotelork,https://instagram.com/hotelork,http://www.rsk.is/fyrirtaekjaskra/leit/kennitala/7103982919,710398-2919
Tokyo Sushi Glæsibæ,"Álfheimum 74, 104 Reykjavík",519 0777,https://www.tokyo.is/,mailto:tokyo@tokyo.is,https://www.facebook.com/iceland.tokyo.sushi,,http://www.rsk.is/fyrirtaekjaskra/leit/kennitala/6707100920,670710-0920
Bragðlaukar ehf,"Gnoðarvogi 44, 104 Reykjavík",519 5775,http://bragdlaukar.is/,mailto:bragdlaukar@bragdlaukar.is,https://www.facebook.com/bragdlaukar,https://instagram.com/bragdlaukur,http://www.rsk.is/fyrirtaekjaskra/leit/kennitala/6001171730,600117-1730
Bastard Brew & Food,"Vegamótastíg 4, 101 Reykjavík",558 0800,https://bastard.is/,mailto:bastard@bastard.is,https://www.facebook.com/bastard.reykjavik/,https://www.instagram.com/bastard_reykjavik/,http://www.rsk.is/fyrirtaekjaskra/leit/kennitala/5910002410,591000-2410
Danska kráin,"Ingólfsstræti 3, 101 Reykjavík",552 0070,https://www.danski.is/,mailto:info@danskibarinn.is,https://www.facebook.com/dendanskekro,https://www.instagram.com/dendanskekro,http://www.rsk.is/fyrirtaekjaskra/leit/kennitala/6704090310,670409-0310
Rub23 - Fish meat sushi,"Kaupvangsstræti 6, 600 Akureyri",462 2223,https://www.rub23.is/,mailto:rub23@rub23.is,https://www.facebook.com/rub23restaurant,,http://www.rsk.is/fyrirtaekjaskra/leit/kennitala/6203100850,620310-0850
Fiskfélagið Grófartorgi,"Vesturgötu 2a, 101 Reykjavík",552 5300,https://www.fiskfelagid.is/,mailto:info@fiskfelagid.is,https://www.facebook.com/FishCompany,https://www.instagram.com/fiskfelagid/,http://www.rsk.is/fyrirtaekjaskra/leit/kennitala/6808080740,680808-0740
La Primavera Marshallhúsið,"Grandagarði 20, 101 Reykjavík",519 7766,http://www.laprimavera.is/,mailto:info@laprimavera.is,,,http://www.rsk.is/fyrirtaekjaskra/leit/kennitala/6205060360,620506-0360
Veitingastaðurinn Monkeys,"Klapparstíg 28-30, - Hjartagarðinum, 101 Reykjavík",519 5350,http://monkeys.is/,mailto:info@monkeys.is,https://www.facebook.com/monkeys.reykjavik,https://www.instagram.com/monkeys.reykjavik,http://www.rsk.is/fyrirtaekjaskra/leit/kennitala/6101210200,610121-0200
Just Wingin It,,,https://www.justwinginit.is/,,https://www.facebook.com/vaengjavagninn,,http://www.rsk.is/fyrirtaekjaskra/leit/kennitala/5202203480,520220-3480
Mýrin Brasserie ehf. brasserie ehf,"Seljavegi 2, 101 Reykjavík",419 2020,http://myrinbrasserie.is/,mailto:brasseriemyrin@gmail.com,https://www.facebook.com/profile.php?id=61558865159284,https://www.instagram.com/myrinbrasserie,http://www.rsk.is/fyrirtaekjaskra/leit/kennitala/4504240990,450424-0990
Mylla Restaurant,"Reykjahlíð, 660 Mývatni",594 2002,https://www.myllarestaurant.is/,,,,http://www.rsk.is/fyrirtaekjaskra/leit/kennitala/6212976949,621297-6949
Geiri Smart Restaurant,"Hverfisgötu 30, 101 Reykjavík",528 7050,https://www.geirismart.is/,mailto:geirismart@icehotels.is,https://www.facebook.com/GeiriSmartRestaurant,https://instagram.com/geirismartrestaurant,http://www.rsk.is/fyrirtaekjaskra/leit/kennitala/6212976949,621297-6949
Satt - Restaurant,"Nauthólsvegi 52, 102 Reykjavík",444 4050,http://www.sattrestaurant.is/,mailto:satt@sattrestaurant.is,https://www.facebook.com/Satt.restaurant,,http://www.rsk.is/fyrirtaekjaskra/leit/kennitala/6212976949,621297-6949
Preppbarinn,"Suðurlandsbraut 10, 108 Reykjavík",519 9887,https://preppbarinn.is/,mailto:info@preppup.is,https://www.facebook.com/preppbarinn,https://www.instagram.com/preppbarinn/,http://www.rsk.is/fyrirtaekjaskra/leit/kennitala/7105211580,710521-1580
"CATALINA Veitingahús, sportbar og skemmtistaður","Hamraborg 11, 200 Kópavogi",554 2166,http://www.catalina.is/,mailto:catalina@catalina.is,https://www.facebook.com/www.catalina.is,https://www.instagram.com/catalina_cafe/,http://www.rsk.is/fyrirtaekjaskra/leit/kennitala/4605983709,460598-3709
Sjávargrillið ehf,"Skólavörðustíg 14, 101 Reykjavík",571 1100,https://www.sjavargrillid.is/,mailto:info@sjavargrillid.is,https://www.facebook.com/sjavargrillid,https://www.instagram.com/sjavargrillid/,http://www.rsk.is/fyrirtaekjaskra/leit/kennitala/4802111460,480211-1460
Vök Baths ehf aðeins í nokkurra mínútna fjarlægð frá Egilsstöðum,"Vök, við Urriðavatn, 701 Egilsstöðum (dreifbýli)",470 9500,https://vokbaths.is/,mailto:hello@vokbaths.is,https://www.facebook.com/vokbaths,https://instagram.com/vokbaths,http://www.rsk.is/fyrirtaekjaskra/leit/kennitala/6808140580,680814-0580
Ferðaþjónustan Vatnsholti,"Vatnsholti 2, 803 Selfossi (dreifbýli)",781 0242,https://www.hotelvatnsholt.is/,mailto:info@hotelvatnsholt.is,https://www.facebook.com/HotelVatnsholt/,https://www.instagram.com/vatnsholt/,http://www.rsk.is/fyrirtaekjaskra/leit/kennitala/6304932349,630493-2349
Terían Brasserie Neðsta hæð - Hótel Kea,"Hafnarstræti 89 Hótel KEA, 600 Akureyri",565 8789,http://www.terian.is/,mailto:terian@terian.is,https://www.facebook.com/terianbrasserie,https://www.instagram.com/terian_brasserie/,http://www.rsk.is/fyrirtaekjaskra/leit/kennitala/6805200890,680520-0890
Lyng Restaurant,"Miðvangi 5-7, 700 Egilsstöðum",471 1500,https://www.lyngrestaurant.is/,mailto:herad@icehotels.is,,,http://www.rsk.is/fyrirtaekjaskra/leit/kennitala/6212976949,621297-6949
Finnsson 3. hæð,"Kringlunni 4-12, 103 Reykjavík",550 0030,https://www.finnssonbistro.is/,mailto:info@finnssonbistro.is,https://www.facebook.com/finnssonbistro,https://instagram.com/finnssonbistro/,http://www.rsk.is/fyrirtaekjaskra/leit/kennitala/6104043830,610404-3830
Moss Restaurant,"Grindavíkurbraut 9, 240 Grindavík",420 8771,http://www.bluelagoon.is/,mailto:contact@bluelagoon.is,,,http://www.rsk.is/fyrirtaekjaskra/leit/kennitala/4907922369,490792-2369
Hótel Búðir,"Búðum, 356 Snæfellsbæ",435 6700,https://hotelbudir.is/,mailto:budir@budir.is,https://www.facebook.com/HotelBudir/,https://www.instagram.com/hotelbudir/,http://www.rsk.is/fyrirtaekjaskra/leit/kennitala/4709002370,470900-2370
Umami Sushi + Bar,"Borgartúni 29, 105 Reykjavík",519 4449,https://umamisushi.is/,mailto:info@umamisushi.is,https://www.facebook.com/umamisushirvk,https://www.instagram.com/umamisushirvk/,http://www.rsk.is/fyrirtaekjaskra/leit/kennitala/4812201060,481220-1060
Restaurant Þrír Frakkar,"Baldursgötu 14, 101 Reykjavík",552 3939,https://www.3frakkar.is/,mailto:3frakkar@3frakkar.is,https://www.facebook.com/3frakkar.is,https://www.instagram.com/3frakkar/,http://www.rsk.is/fyrirtaekjaskra/leit/kennitala/6910122470,691012-2470
Oche Reykjavik,"Kringlunni 4-12, 103 Reykjavík",578 2000,https://oche.com/is/reykjavik,mailto:bokanir@is.oche.com,https://www.facebook.com/ochereykjavik,https://www.instagram.com/ochereykjavik,http://www.rsk.is/fyrirtaekjaskra/leit/kennitala/4510230390,451023-0390
Slippbarinn,"Mýrargötu 2, 101 Reykjavík",560 8080,https://www.slippbarinn.is/,mailto:slippbarinn@icehotels.is,https://www.facebook.com/Slippbarinn,,http://www.rsk.is/fyrirtaekjaskra/leit/kennitala/6212976949,621297-6949
IKEA,"Kauptúni 4, 210 Garðabæ",520 2500,https://www.ikea.is/,mailto:IKEA@ikea.is,https://www.facebook.com/IKEAiceland,https://www.instagram.com/ikeaisland/,http://www.rsk.is/fyrirtaekjaskra/leit/kennitala/5412932809,541293-2809
Múlaberg Bistro & Bar,"Hafnarstræti 89 Hótel KEA, 600 Akureyri",460 2020,https://www.mulaberg.is/,mailto:mulaberg@mulaberg.is,https://www.facebook.com/Mulaberg,https://www.instagram.com/mulabergbistrobar/,http://www.rsk.is/fyrirtaekjaskra/leit/kennitala/6805200890,680520-0890
Iceland Hotel Collection by Berjaya,"Nauthólsvegi 52, 102 Reykjavík",444 4000,https://www.icelandhotelcollectionbyberjaya.com/is,mailto:info@icehotels.is,https://www.facebook.com/berjayaicelandhotels,https://www.instagram.com/berjaya_iceland_hotels/,http://www.rsk.is/fyrirtaekjaskra/leit/kennitala/6212976949,621297-6949
Hjá Jóni Restaurant,"Thorvaldsensstræti 2, 101 Reykjavík",513 3120,https://www.hjajoni.is/,mailto:hjajoni@icehotels.is,,,http://www.rsk.is/fyrirtaekjaskra/leit/kennitala/6212976949,621297-6949
Aurora Restaurant & Bar,"Þingvallastræti 23, 600 Akureyri",518 1000,http://www.aurorarestaurant.is/,mailto:akureyri@icehotels.is,,,http://www.rsk.is/fyrirtaekjaskra/leit/kennitala/6212976949,621297-6949
India karry kofi ehf,"Ráðhústorgi 3, 600 Akureyri",461 4242,https://curry.is/,mailto:moorthy152@gmail.com,https://www.facebook.com/IndianCurryHutAkureyri/,,http://www.rsk.is/fyrirtaekjaskra/leit/kennitala/6305070810,630507-0810
Dons Donuts,"Núpalind 1, 201 Kópavogi",497 1166,http://donsdonuts.is/,mailto:thedonsdonuts@gmail.com,https://www.facebook.com/donsdonutsis/,https://www.instagram.com/thedonsdonuts/?hl=en,http://www.rsk.is/fyrirtaekjaskra/leit/kennitala/4205232700,420523-2700
Veitingahúsið Greifinn,"Glerárgötu 20, 600 Akureyri",460 1600,https://www.greifinn.is/,mailto:greifinn@greifinn.is,https://www.facebook.com/greifinnveitingahus,,http://www.rsk.is/fyrirtaekjaskra/leit/kennitala/4411110370,441111-0370
Veitingahúsið Nings ehf,,588 9899,https://www.nings.is/,mailto:nings@nings.is,https://www.facebook.com/veitingahusnings?ref=ts&fref=ts,,http://www.rsk.is/fyrirtaekjaskra/leit/kennitala/6804063160,680406-3160
Veitingahúsið Kringlukráin,"Kringlunni 4-12, 103 Reykjavík",,http://www.kringlukrain.is/,,,,http://www.rsk.is/fyrirtaekjaskra/leit/kennitala/6411952199,641195-2199
La Primavera Harpa Hörpu tónlistarhúsi,"Austurbakka 2, 101 Reykjavík",519 9700,http://www.laprimavera.is/,mailto:harpa@laprimavera.is,https://www.facebook.com/kolabrautin,,http://www.rsk.is/fyrirtaekjaskra/leit/kennitala/4701110970,470111-0970
Blómasetrið - Kaffi Kyrrð,"Skúlagötu 13, 310 Borgarnesi",,https://blomasetrid.is/,mailto:blomasetrid@blomasetrid.is,https://www.facebook.com/blomasetridkaffikyrrd,https://www.instagram.com/blomasetridkaffikyrrd,http://www.rsk.is/fyrirtaekjaskra/leit/kennitala/7003061000,700306-1000
Hard Rock Cafe,"Lækjargötu 2a, 101 Reykjavík",560 0800,https://www.hardrockcafe.com/location/reykjavik/,mailto:info@hrcreykjavik.com,https://www.facebook.com/hardrockreykjavik/?fref=ts,,http://www.rsk.is/fyrirtaekjaskra/leit/kennitala/4412150610,441215-0610
Skalli,"Ögurhvarfi 2, 203 Kópavogi",,https://www.skallibistro.is/,,,,http://www.rsk.is/fyrirtaekjaskra/leit/kennitala/5509881009,550988-1009
Thai Viet - Veitingastaður,"Smiðjuvegi 4, 200 Kópavogi",,,,,,http://www.rsk.is/fyrirtaekjaskra/leit/kennitala/5308090560,530809-0560
Veitingahúsið Lindin,"Lindarbraut 2 Lindin, 840 Laugarvatni",,https://www.laugarvatn.is/,mailto:lindin@laugarvatn.is,,,http://www.rsk.is/fyrirtaekjaskra/leit/kennitala/6012110410,601211-0410
Ban Kúnn,"Tjarnarvöllum 15, 221 Hafnarfirði",565 5665,,,,,http://www.rsk.is/fyrirtaekjaskra/leit/kennitala/7110131800,711013-1800
Veitingahúsið Laugaás,"Laugarásvegi 1, 104 Reykjavík",,https://www.laugaas.is/,mailto:laugaas@laugaas.is,,,http://www.rsk.is/fyrirtaekjaskra/leit/kennitala/6905922319,690592-2319
Metro veitingastaðir,"Suðurlandsbraut 56, 108 Reykjavík",,,,,,http://www.rsk.is/fyrirtaekjaskra/leit/kennitala/4310120570,431012-0570
Pizza Hut Hafnarfirði veitingastaður og pöntunarsími,"Staðarbergi 2-4, 221 Hafnarfirði",,http://www.pizzahut.is/,,,,http://www.rsk.is/fyrirtaekjaskra/leit/kennitala/6511141520,651114-1520
Gullhamrar,"Þjóðhildarstíg 2, 113 Reykjavík",,https://www.gullhamrar.is/,mailto:gullhamrar@gullhamrar.is,,,http://www.rsk.is/fyrirtaekjaskra/leit/kennitala/6603042580,660304-2580
Hlíðarlaug hf Réttin veitingar,"Úthlíð, 806 Selfossi (dreifbýli)",,,,,,http://www.rsk.is/fyrirtaekjaskra/leit/kennitala/6805911569,680591-1569
Höfðakaffi ehf,"Vagnhöfða 11, 110 Reykjavík",,https://www.hofdakaffi.is/,mailto:hofdakaffi@internet.is,,,http://www.rsk.is/fyrirtaekjaskra/leit/kennitala/6101024760,610102-4760
Landnámssetur Íslands,"Brákarbraut 13-15, 310 Borgarnesi",437 1600,https://www.landnam.is/,mailto:landnam@landnam.is,,,http://www.rsk.is/fyrirtaekjaskra/leit/kennitala/4705043150,470504-3150
Bryggjan Brugghús,"Grandagarði 8, 101 Reykjavík",456 4040,http://www.bryggjanbrugghus.is/,mailto:bryggjan@bryggjanbrugghus.is,https://www.facebook.com/bryggjanbrugghus,https://www.instagram.com/bryggjan_brugghus/,http://www.rsk.is/fyrirtaekjaskra/leit/kennitala/5407220720,540722-0720
Local,"Borgartúni 25, 105 Reykjavík",555 6225,https://localsalad.is/?gclid=Cj0KCQjwutaCBhDfARIsAJHWnHtf08kDVR6bZXY6PCHKvuA6bkOdkYztPaJyR62enOm0eoA4jmOABIoaAl_gEALw_wcB,mailto:local@localsalad.is,https://www.facebook.com/localsalad,https://instagram.com/localsalad,http://www.rsk.is/fyrirtaekjaskra/leit/kennitala/5403131990,540313-1990
Skaftárskáli,"Klausturvegi 29, 880 Kirkjubæjarklaustri",,,,,,http://www.rsk.is/fyrirtaekjaskra/leit/kennitala/5302012010,530201-2010
Hótel Blönduós - Laugarós,"Aðalgötu 6, 540 Blönduósi",,https://hotelblonduos.is/,mailto:info@hotelblonduos.is,,,http://www.rsk.is/fyrirtaekjaskra/leit/kennitala/4401242670,440124-2670
Hornið veitingastaður,"Hafnarstræti 15, 101 Reykjavík",,,,,,http://www.rsk.is/fyrirtaekjaskra/leit/kennitala/6206830199,620683-0199
Gullfosskaffi við Gullfoss 801 Sel,"Gullfossi, 806 Selfossi (dreifbýli)",486 6500,http://www.gullfoss.is/,mailto:gullfoss@gullfoss.is,,,http://www.rsk.is/fyrirtaekjaskra/leit/kennitala/6609942039,660994-2039
Forsetinn Café ehf,"Laugavegi 51, 101 Reykjavík",837 5151,https://forsetinncafe.is/,mailto:forsetinnbistro@gmail.com,https://www.facebook.com/forsetinncafe/,https://www.instagram.com/forsetinn101rvk,http://www.rsk.is/fyrirtaekjaskra/leit/kennitala/4208110200,420811-0200
Mika ehf,"Skólabraut 4, 806 Selfossi (dreifbýli)",,,,,,http://www.rsk.is/fyrirtaekjaskra/leit/kennitala/4710032390,471003-2390
Hraðlestin - veitingahús,"Grensásvegi 3, 108 Reykjavík",578 3838,https://www.hradlestin.is/,mailto:hradlestin@hradlestin.is,https://www.facebook.com/Hradlestin/,,http://www.rsk.is/fyrirtaekjaskra/leit/kennitala/5205033230,520503-3230
Kaffi Sumarlína,"Búðavegi 59, 750 Fáskrúðsfirði",,https://www.123.is/sumarlina,mailto:sumarlina@simnet.is,,,http://www.rsk.is/fyrirtaekjaskra/leit/kennitala/6112003580,611200-3580
Hamraborg ehf,"Hafnarstræti 7, 400 Ísafirði",,,mailto:hamraborg@heimsnet.is,,,http://www.rsk.is/fyrirtaekjaskra/leit/kennitala/5209770159,520977-0159
Taco Bell,"Hjallahrauni 15, 220 Hafnarfirði",,http://www.tacobell.is/,,,,http://www.rsk.is/fyrirtaekjaskra/leit/kennitala/5401983149,540198-3149
Caruso veitingahús,"Austurstræti 22, 101 Reykjavík",,,,,,http://www.rsk.is/fyrirtaekjaskra/leit/kennitala/6807042790,680704-2790
Grillhúsið ehf,,527 5000,https://www.grillhusid.is/,,https://www.facebook.com/Grillhusid?fref=ts,,http://www.rsk.is/fyrirtaekjaskra/leit/kennitala/5107022470,510702-2470
Bjarmaland veitingar - Heiðarbær,"Heiðarbæ, 641 Húsavík (dreifbýli)",,,,,,http://www.rsk.is/fyrirtaekjaskra/leit/kennitala/5506161220,550616-1220
Efstidalur 2,"Efstadal 2, 801 Selfossi (dreifbýli)",486 1186,https://efstidalur.is/,mailto:info@efstidalur.is,,,http://www.rsk.is/fyrirtaekjaskra/leit/kennitala/5102100850,510210-0850
Thai Food BKG ehf. Bangkok Take Away,"Smiðjuvegi 11 Gulgata, 200 Kópavogi",564 1000,https://www.bangkoktakeaway.com/,mailto:egislason67@gmail.com,https://www.facebook.com/profile.php?id=100064166464359,,http://www.rsk.is/fyrirtaekjaskra/leit/kennitala/6309200780,630920-0780
Tian - Kínverskur veitingastaður,"Grensásvegi 12, 108 Reykjavík",,https://www.tianmatur.is/,,,,http://www.rsk.is/fyrirtaekjaskra/leit/kennitala/6404120620,640412-0620
BK kjúklingar,"Grensásvegi 5, 108 Reykjavík",,,,,,http://www.rsk.is/fyrirtaekjaskra/leit/kennitala/5011032090,501103-2090
Ósinn ehf,"Víkurbraut 20, 780 Höfn í Hornafirði",,http://osinn.is/,mailto:veitingar@hotelhofn.is,https://www.facebook.com/osinnrestaurant/?locale=is_IS,,http://www.rsk.is/fyrirtaekjaskra/leit/kennitala/6812901339,681290-1339
"Hnoss Restaurant ehf. Veitingastaður, bar & kaffihús","Austurbakka 2, - Hörpu, 101 Reykjavík",655 5500,http://www.hnossrestaurant.is/,mailto:info@hnossrestaurant.is,https://www.facebook.com/hnossrestaurant,https://www.instagram.com/hnoss_restaurant,http://www.rsk.is/fyrirtaekjaskra/leit/kennitala/4701110970,470111-0970
,,,,,,,,
Cafe Cosy,"Búðargötu 6, 730 Reyðarfirði",470 5555,http://studio22.is/,mailto:info@studio22.is,,,http://www.rsk.is/fyrirtaekjaskra/leit/kennitala/6006024380,600602-4380
Íslenska Hamborgarafabrikkan Höfðatorgi,"Katrínartúni 2, 105 Reykjavík",575 7575,https://www.fabrikkan.is/,mailto:fabrikkan@fabrikkan.is,,,http://www.rsk.is/fyrirtaekjaskra/leit/kennitala/7107090170,710709-0170
Veitingahúsið Réttin,"Úthlíð, 806 Selfossi (dreifbýli)",,,,,,http://www.rsk.is/fyrirtaekjaskra/leit/kennitala/6805911569,680591-1569
Fönix - Kínverskur veitingastaður,"Bíldshöfða 12, 110 Reykjavík",567 7888,https://www.fonixveitingahus.is/,mailto:info@fonixveitingahus.is,https://www.facebook.com/fonixveitingahus/,,http://www.rsk.is/fyrirtaekjaskra/leit/kennitala/5312110300,531211-0300
Hótel Siglunes,"Lækjargötu 10, 580 Siglufirði",467 1222,https://hotelsiglunes.is/,mailto:info@hotelsiglunes.is,,,http://www.rsk.is/fyrirtaekjaskra/leit/kennitala/5002992239,500299-2239
American Bar veitingahús ehf Bar/Veitingahús,"Austurstræti 8-10, 101 Reykjavík",,,,https://www.facebook.com/americanbar,,http://www.rsk.is/fyrirtaekjaskra/leit/kennitala/4312141800,431214-1800
Langbest veitingahús,"Aðalgötu 60, - 0101-0102, 230 Reykjanesbæ",421 4777,https://www.langbest.is/,,,,http://www.rsk.is/fyrirtaekjaskra/leit/kennitala/5505080360,550508-0360
,,,,,,,,
Fjörukráin,"Víkingastræti 1-3, 220 Hafnarfirði",565 1213,,mailto:mottaka@fjorukrain.is,https://www.facebook.com/Viking-Village-Fj%C3%B6rukr%C3%A1in-og-H%C3%B3tel-V%C3%ADking-140566662804051/?fref,,http://www.rsk.is/fyrirtaekjaskra/leit/kennitala/6304901119,630490-1119
Baccalá bar veitingahús,"Aðalgötu 2, 621 Dalvík (dreifbýli)",,,,,,http://www.rsk.is/fyrirtaekjaskra/leit/kennitala/6212002750,621200-2750
100 Iceland ehf,"Laugavegi 100, 101 Reykjavík",,https://100icelandhotel.is/,,,,http://www.rsk.is/fyrirtaekjaskra/leit/kennitala/6308120540,630812-0540
Austur Indíafélagið hf veitingahús,"Hverfisgötu 56, 101 Reykjavík",552 1630,https://www.austurindia.is/,mailto:austurindia@austurindia.is,https://www.facebook.com/austurindia/,,http://www.rsk.is/fyrirtaekjaskra/leit/kennitala/4807942579,480794-2579
SLIPPURINN veitingastaður,"Strandvegi 76, 900 Vestmannaeyjum",481 1515,https://www.slippurinn.com/,mailto:info@slippurinn.com,https://facebook.com/slippurinneyjum,https://instagram.com/slippurinn,http://www.rsk.is/fyrirtaekjaskra/leit/kennitala/5901120700,590112-0700
Shalimar Pakistani Cuisine ehf. Pakistönsk veitingahús,"Austurstræti 4, 101 Reykjavík",551 0292,http://www.shalimar.is/,mailto:shalimar@shalimar.is,https://www.facebook.com/1Shalimar/,,http://www.rsk.is/fyrirtaekjaskra/leit/kennitala/6309022660,630902-2660
Public house - Gastropub,"Laugavegi 24, 101 Reykjavík",555 7333,,mailto:publichouse@publichouse.is,https://www.facebook.com/GastroPubRvk?fref=ts,,http://www.rsk.is/fyrirtaekjaskra/leit/kennitala/7001150460,700115-0460
Ströndin,"Austurvegi 18, 870 Vík",,https://www.strondin.is/,mailto:elias@vikurskali.is,,,http://www.rsk.is/fyrirtaekjaskra/leit/kennitala/4207022050,420702-2050
Kænan veitingastaður,"Óseyrarbraut 2, 220 Hafnarfirði",565 1550,https://kaenan.is/,mailto:steini@kaenan.is,https://www.facebook.com/steini@kaenan.is,,http://www.rsk.is/fyrirtaekjaskra/leit/kennitala/6910090250,691009-0250
Café Riis,"Hafnarbraut 39, 510 Hólmavík",451 3567,https://www.caferiis.is/,mailto:caferiis@caferiis.is,https://www.facebook.com/caferiis/,https://www.instagram.com/caferiis.hvk/,http://www.rsk.is/fyrirtaekjaskra/leit/kennitala/4410211000,441021-1000
,,,,,,,,
Skúrinn Veitingahús,"Aðalgötu 25, 340 Stykkishólmi",,,mailto:krummafoturehf@gmail.com,,,http://www.rsk.is/fyrirtaekjaskra/leit/kennitala/5404150560,540415-0560
XO veitingastaður,"Hagasmára 3, Norðurturni Smáralindar, 201 Kópavogi",571 3888,https://xoisland.is/,mailto:XOisland@xoisland.is,https://www.facebook.com/XOisland/,https://instagram.com/XOveitingastadur,http://www.rsk.is/fyrirtaekjaskra/leit/kennitala/4403152830,440315-2830
Nesti - Ferskt og fljótt,,,https://minar.n1.is/is/nesti,,,,http://www.rsk.is/fyrirtaekjaskra/leit/kennitala/4110033370,411003-3370
Wok On - veitingastaður,,561 6666,http://wokon.is/,mailto:wokon@wokon.is,https://www.facebook.com/wokonice/,https://www.instagram.com/wokonice/?hl=en,http://www.rsk.is/fyrirtaekjaskra/leit/kennitala/4805181440,480518-1440
Noodle Station,"Laugavegi 103, 101 Reykjavík",551 3198,https://noodlestation.is/,mailto:noodleststion01@hotmail.com,https://www.facebook.com/people/Noodle-Station/100038170518191/,,http://www.rsk.is/fyrirtaekjaskra/leit/kennitala/4401221910,440122-1910
Flóran Garden Bistro Grasagarði Reykjavíkur,"Grasagarðinum, 104 Reykjavík",,https://www.floran.is/,mailto:info@floran.is,,,http://www.rsk.is/fyrirtaekjaskra/leit/kennitala/7012052940,701205-2940
"Fisherman - Heildsala, dreifing og upplifun sjávarafurða","Aðalgötu 15, 430 Suðureyri",450 9000,https://www.fisherman.is/,mailto:fisherman@fisherman.is,,,http://www.rsk.is/fyrirtaekjaskra/leit/kennitala/6111050960,611105-0960
Pítan veitingahús,"Skipholti 50c, 105 Reykjavík",562 9090,https://www.pitan.is/,mailto:pitan@pitan.is,https://www.facebook.com/pitanveitingastadur,https://www.instagram.com/pitanveitingastadur,http://www.rsk.is/fyrirtaekjaskra/leit/kennitala/6112220330,611222-0330
Svarta Fjaran,"Reynishverfi, Reynisfjöru, 871 Vík",,http://www.blackbeach.is/,mailto:svartafjaran@blackbeach.is,,,http://www.rsk.is/fyrirtaekjaskra/leit/kennitala/6404130420,640413-0420
Sæta svínið Gastropub,"Hafnarstræti 1-3, 101 Reykjavík",,https://www.saetasvinid.is/,mailto:saetasvinid@saetasvinid.is,https://www.facebook.com/saetasvinid/,,http://www.rsk.is/fyrirtaekjaskra/leit/kennitala/5310153040,531015-3040
"Daddi's veitingar, pizza","Vogum, 660 Mývatni",773 6060,https://daddispizza.is/is/,mailto:myvatn@daddispizza.is,https://www.facebook.com/myvatn,,http://www.rsk.is/fyrirtaekjaskra/leit/kennitala/4406922229,440692-2229
Subway,,,https://subway.is/,mailto:subway@subway.is,https://www.facebook.com/subwayislandi/,https://instagram.com/subwayiceland/,http://www.rsk.is/fyrirtaekjaskra/leit/kennitala/4109490169,410949-0169
Eldofninn Pizzeria Grímsbæ,"Efstalandi 26, 108 Reykjavík",,https://eldofninn.is/,mailto:eldofnin@eldofninn.is,https://www.facebook.com/PizzeriaEldofninn,,http://www.rsk.is/fyrirtaekjaskra/leit/kennitala/5509080260,550908-0260
Aðalbakarinn ehf,"Aðalgötu 26, 580 Siglufirði",,,mailto:siglobakari@gmail.com,,,http://www.rsk.is/fyrirtaekjaskra/leit/kennitala/5208033350,520803-3350
DILL Restaurant,"Laugavegi 59, 101 Reykjavík",552 1522,https://www.dillrestaurant.is/,mailto:dillrestaurant@dillrestaurant.is,https://www.facebook.com/dillrestaurantrvk,,http://www.rsk.is/fyrirtaekjaskra/leit/kennitala/6007171970,600717-1970
North West Hotel & Restaurant ehf,"Víðigerði, 531 Hvammstanga (dreifbýli)",,,mailto:northwesthotel@outlook.com,https://www.facebook.com/vidigerdi/,,http://www.rsk.is/fyrirtaekjaskra/leit/kennitala/5512141330,551214-1330
Public deli ehf,"Keilisbraut 771, 262 Reykjanesbæ",556 1006,http://publicdeli.is/,mailto:info@publicdeli.is,https://www.facebook.com/public.deli,https://www.instagram.com/public.deli/,http://www.rsk.is/fyrirtaekjaskra/leit/kennitala/5705230660,570523-0660
Fröken Selfoss - eldhús lokar kl. 21.30,"Brúartorgi, 800 Selfossi",451 3320,https://www.frokenselfoss.is/,mailto:info@frokenselfoss.is,https://www.facebook.com/FrkSelfoss/,https://www.instagram.com/frokenselfoss/,http://www.rsk.is/fyrirtaekjaskra/leit/kennitala/4206211830,420621-1830
Gallery Pizza,"Hvolsvegi 29, 860 Hvolsvelli",487 8440,,,https://www.facebook.com/gallerypizza860/,,http://www.rsk.is/fyrirtaekjaskra/leit/kennitala/6001942919,600194-2919
Saffran,,578 7874,http://www.saffran.is/,mailto:saffran@saffran.is,https://www.facebook.com/Saffranveitingastadur,https://www.instagram.com/saffranveitingastadur/,http://www.rsk.is/fyrirtaekjaskra/leit/kennitala/6112220330,611222-0330
Kaffi Duus,"Duusgötu 10, 230 Reykjanesbæ",,http://www.duus.is/,mailto:duus@duus.is,,,http://www.rsk.is/fyrirtaekjaskra/leit/kennitala/5011942209,501194-2209
Bakarí Sandholt,"Laugavegi 36, 101 Reykjavík",551 3524,https://sandholt.is/,mailto:sandholt@sandholt.is,https://www.facebook.com/sandholtreykjavik/,https://www.instagram.com/sandholtreykjavik/,http://www.rsk.is/fyrirtaekjaskra/leit/kennitala/6912002990,691200-2990
Rauða ljónið,"Eiðistorgi 15, 170 Seltjarnarnesi",,https://www.ljonid.is/,mailto:ljonid@ljonid.is,,,http://www.rsk.is/fyrirtaekjaskra/leit/kennitala/4608032680,460803-2680
Kínahofið veitingahús,"Nýbýlavegi 20, 200 Kópavogi",554 5022,https://www.kinahofid.is/,mailto:kinahofid@kinahofid.is,,,http://www.rsk.is/fyrirtaekjaskra/leit/kennitala/6707100680,670710-0680
El Grilló ehf,"Norðurgötu 3, 710 Seyðisfirði",,,mailto:kaffilara@gmail.com,https://www.facebook.com/kaffilara,,http://www.rsk.is/fyrirtaekjaskra/leit/kennitala/6909032020,690903-2020
"Viethouse víetnamskar veitingar, bar & kaffihús","Hraunbergi 4, 111 Reykjavík",,,mailto:viethouse@hotmail.com,,,http://www.rsk.is/fyrirtaekjaskra/leit/kennitala/4803100710,480310-0710
Bjargarsteinn Mathús,"Sólvöllum 15, 350 Grundarfirði",438 6770,http://www.bjargarsteinn.is/,mailto:mathus@bjargarsteinn.is,https://www.facebook.com/Bjargarsteinnrestaurant/?locale=is_IS,,http://www.rsk.is/fyrirtaekjaskra/leit/kennitala/4902162510,490216-2510
Italiano pizzeria,"Hlíðasmára 15, 201 Kópavogi",551 2345,http://www.italiano.is/,mailto:italiano@italiano.is,https://www.facebook.com/pizza.is,,http://www.rsk.is/fyrirtaekjaskra/leit/kennitala/4910141210,491014-1210
Rikki Chan matsölustaður,"Kringlunni 4-12, 103 Reykjavík",568 4170,https://www.rikkichan.is/,mailto:rikkichan@rikkichan.is,https://www.facebook.com/people/Rikki-Chan/100064304701082/,https://www.instagram.com/rikkichan_iceland/,http://www.rsk.is/fyrirtaekjaskra/leit/kennitala/5211032990,521103-2990
B&S Restaurant Blönduósi ehf. Himinn sól ehf,,453 5060,http://www.bogs.is/,mailto:info@bogs.is,https://www.facebook.com/bogsrestaurant/,https://www.instagram.com/bogsrestaurant/,http://www.rsk.is/fyrirtaekjaskra/leit/kennitala/5908151010,590815-1010
Kaffihús Vesturbæjar,"Melhaga 20-22, 107 Reykjavík",,,mailto:kaffihusvesturbaejar@gmail.com,,,http://www.rsk.is/fyrirtaekjaskra/leit/kennitala/5702141280,570214-1280
Hagavagninn,"Hofsvallagötu 52, - við Vesturbæjarlaug, 107 Reykjavík",519 6027,https://www.hagavagninn.is/,,,,http://www.rsk.is/fyrirtaekjaskra/leit/kennitala/6310180170,631018-0170
Tapas Barinn,"Vesturgötu 3b, 101 Reykjavík",,http://www.tapas.is/,mailto:tapas@tapas.is,,,http://www.rsk.is/fyrirtaekjaskra/leit/kennitala/6806024840,680602-4840
Veitingastaðurinn Fiskmarkaðurinn ehf,"Aðalstræti 12, 101 Reykjavík",578 8877,http://www.fiskmarkadurinn.is/,mailto:info@fiskmarkadurinn.is,,,http://www.rsk.is/fyrirtaekjaskra/leit/kennitala/6407032370,640703-2370
Shake and pizza,"Fossaleyni 1, 112 Reykjavík",517 1819,https://shakepizza.is/,mailto:info@shakepizza.is,https://www.facebook.com/shakepizza/,https://instagram.com/shakeandpizza/,http://www.rsk.is/fyrirtaekjaskra/leit/kennitala/7107170440,710717-0440
Krúska ehf,"Suðurlandsbraut 12, 108 Reykjavík",,https://www.kruska.is/,,,,http://www.rsk.is/fyrirtaekjaskra/leit/kennitala/5208080270,520808-0270
Smiðjan brugghús ehf,"Sunnubraut 15, 870 Vík",571 8870,http://www.smidjanbrugghus.is/,,https://www.facebook.com/smidjanbrugghus,https://instagram.com/smidjanbrugghus,http://www.rsk.is/fyrirtaekjaskra/leit/kennitala/5506171290,550617-1290
Flatey Pizza,"Grandagarði 11, 101 Reykjavík",588 2666,http://www.flateypizza.is/,mailto:flateypizza@flateypizza.is,,https://www.instagram.com/flateypizza,http://www.rsk.is/fyrirtaekjaskra/leit/kennitala/5303170990,530317-0990
Pizzastaðurinn Tomman,"Hafnarbraut 21, 620 Dalvík",,,,,,,
Ban Thai tælenskt veitingahús,"Laugavegi 130, ofan við Hlemm, 105 Reykjavík",,https://www.banthai.is/,mailto:banthai@banthai.is,,,http://www.rsk.is/fyrirtaekjaskra/leit/kennitala/6911993559,691199-3559
Fossatún ehf,"Fossatúni, 311 Borgarnesi (dreifbýli)",433 5800,https://www.fossatun.is/,mailto:info@fossatun.is,https://www.facebook.com/fossatun,,http://www.rsk.is/fyrirtaekjaskra/leit/kennitala/6402100360,640210-0360
Reykjavík fish,"Tryggvagötu 8, 101 Reykjavík",,https://www.reykjavikfish.is/,mailto:reykjavikfish@internet.is,,,http://www.rsk.is/fyrirtaekjaskra/leit/kennitala/6106111090,610611-1090
Veitingastaðurinn Hópið,"Hrafnadalsvegi, 460 Tálknafirði",456 2777,,mailto:hopid@simnet.is,https://www.facebook.com/hopid12345/?locale=is_IS,,http://www.rsk.is/fyrirtaekjaskra/leit/kennitala/5104060790,510406-0790
Salka veitingahús,"Garðarsbraut 6, 640 Húsavík",,https://www.salkarestaurant.is/,mailto:salka@salkarestaurant.is,,,http://www.rsk.is/fyrirtaekjaskra/leit/kennitala/6610003090,661000-3090
Grillvagninn ehf,"Flugumýri 8, 270 Mosfellsbæ",898 3189,,,,,http://www.rsk.is/fyrirtaekjaskra/leit/kennitala/4601101810,460110-1810
Olsen Olsen,"Hafnargötu 62, 230 Reykjanesbæ",,,,,,http://www.rsk.is/fyrirtaekjaskra/leit/kennitala/6907191180,690719-1180
Álfacafé,"Fiskverkun, 720 Borgarfirði eystra",,,mailto:alfacafe@simnet.is,,,http://www.rsk.is/fyrirtaekjaskra/leit/kennitala/5106022340,510602-2340
Hjá Höllu,"Víkurbraut 62, 240 Grindavík",896 5316,https://www.hjahollu.is/,mailto:halla@hjahollu.is,https://www.facebook.com/hjahollu,,http://www.rsk.is/fyrirtaekjaskra/leit/kennitala/6401130650,640113-0650
Hótel Flatey,"Flatey, 345 Flatey",834 4450,https://www.hotelflatey.is/,mailto:info@hotelflatey.is,https://www.facebook.com/hotelflatey,https://www.instagram.com/hotelflatey/,http://www.rsk.is/fyrirtaekjaskra/leit/kennitala/5502060800,550206-0800
Panda veitingahús,"Hafnargötu 90, 230 Reykjanesbæ",,http://www.kinapanda.is/,,,,http://www.rsk.is/fyrirtaekjaskra/leit/kennitala/4605100660,460510-0660
Hafið bláa ehf,"Óseyrartanga, við ósa Ölfusár, 816 Ölfusi",,http://www.hafidblaa.is/,mailto:hafidblaa@hafidblaa.is,https://facebook.com/hafidblaa,,http://www.rsk.is/fyrirtaekjaskra/leit/kennitala/7009972279,700997-2279
Mandi ehf.,"Veltusundi 3b, 101 Reykjavík",571 1444,https://mandi.is/,mailto:mandi@mandi.is,https://www.facebook.com/profile.php?id=100063782130979,https://www.instagram.com/mandireykjavik/,http://www.rsk.is/fyrirtaekjaskra/leit/kennitala/4909111540,490911-1540
Einarshúsið,"Hafnargötu 41, 415 Bolungarvík",,https://einarshusid.is/,mailto:einarshusid@gmail.com,https://www.facebook.com/Einarsh%C3%BAsi%C3%B0-20245874948/?fref=ts,,http://www.rsk.is/fyrirtaekjaskra/leit/kennitala/5409150240,540915-0240
Grillmarkaðurinn veitingastaður,"Lækjargötu 2a, 101 Reykjavík",571 7777,https://www.grillmarkadurinn.is/,mailto:info@grillmarkadurinn.is,,,http://www.rsk.is/fyrirtaekjaskra/leit/kennitala/5802110380,580211-0380
Lamb Inn veitingastaður,"Öngulsstöðum 3, 605 Akureyri (dreifbýli)",,https://www.lambinn.is/,mailto:lambinn@lambinn.is,,,http://www.rsk.is/fyrirtaekjaskra/leit/kennitala/5504922379,550492-2379
Jómfrúin,"Lækjargötu 4, 101 Reykjavík",551 0100,https://www.jomfruin.is/,mailto:jomfruin@jomfruin.is,https://www.facebook.com/jomfruin/?locale=is_IS,https://www.instagram.com/jomfruin/,http://www.rsk.is/fyrirtaekjaskra/leit/kennitala/5609150200,560915-0200
Galito veitingastaður,"Stillholti 16-18, 300 Akranesi",,,mailto:galito@galito.is,,,http://www.rsk.is/fyrirtaekjaskra/leit/kennitala/6909042840,690904-2840
Anna Jóna,"Tryggvagötu 11, 101 Reykjavík",,,,,,http://www.rsk.is/fyrirtaekjaskra/leit/kennitala/6408222010,640822-2010
Bjórgarðurinn,"Þórunnartúni 1, 105 Reykjavík",531 9030,https://www.bjorgardurinn.is/,mailto:bjorgardurinn@bjorgardurinn.is,,,http://www.rsk.is/fyrirtaekjaskra/leit/kennitala/6912094740,691209-4740
Tjöruhúsið,"Neðstakaupstað Turnhús, 400 Ísafirði",,,,,,http://www.rsk.is/fyrirtaekjaskra/leit/kennitala/6709052090,670905-2090
Kaffi Sel ehf Golfskálanum,"Efra-Seli, 846 Flúðum (dreifbýli)",486 6454,https://kaffisel.is/,,,,http://www.rsk.is/fyrirtaekjaskra/leit/kennitala/4704042720,470404-2720
Íslenski Barinn,"Ingólfsstræti 1a, 101 Reykjavík",517 6767,https://www.islenskibarinn.is/,,https://www.facebook.com/islenski,https://www.instagram.com/islenskibarinn,http://www.rsk.is/fyrirtaekjaskra/leit/kennitala/6002141790,600214-1790
Hótel Laxárbakki Hótel og veitingastaður,"Laxárbakka, 301 Akranesi (dreifbýli)",551 2783,https://www.laxarbakki.is/,mailto:laxarbakki@laxarbakki.is,https://www.facebook.com/laxarbakki,,http://www.rsk.is/fyrirtaekjaskra/leit/kennitala/5305022010,530502-2010
Kjúklingastaðurinn Suðurver,"Stigahlíð 45-47, 105 Reykjavík",553 8890,https://www.kjuklingastadurinn.is/,mailto:kjuklingastadurinn@kjuklingastadurinn.is,https://www.facebook.com/kjuklingastadurinnsudurveri?locale=is_IS,,http://www.rsk.is/fyrirtaekjaskra/leit/kennitala/5110060740,511006-0740
Sægreifinn veitingastaður,"Geirsgötu 8, 101 Reykjavík",553 1500,,mailto:seabaron8@gmail.com,https://www.facebook.com/saegreifinn.seabaron/?locale=is_IS,,http://www.rsk.is/fyrirtaekjaskra/leit/kennitala/7009081350,700908-1350
Sker Restaurant ehf - Veitingarstaður,"Ólafsbraut 19, 355 Ólafsvík",436 6625,,mailto:info@skerrestaurant.is,,,http://www.rsk.is/fyrirtaekjaskra/leit/kennitala/5503181640,550318-1640
Max's restaurant,"Norðurljósavegi 1, 241 Grindavík",,https://www.nli.is/maxs-restaurant,,,,http://www.rsk.is/fyrirtaekjaskra/leit/kennitala/4408952209,440895-2209
Forréttabarinn,"Nýlendugötu 14, - Gengið inn frá Mýrargötu, 101 Reykjavík",517 1800,https://www.forrettabarinn.is/,mailto:info@forrettabarinn.is,https://www.facebook.com/Forr%C3%A9ttabarinn-233429823373573/,https://www.instagram.com/explore/locations/237433848/,http://www.rsk.is/fyrirtaekjaskra/leit/kennitala/6312042950,631204-2950
Fjöruborðið veitingahús,"Eyrarbraut 3a, 825 Stokkseyri",,https://www.fjorubordid.is/,mailto:info@fjorubordid.is,,,http://www.rsk.is/fyrirtaekjaskra/leit/kennitala/6301131560,630113-1560
Hver restaurant,"Breiðumörk 1c, 810 Hveragerði",483 4700,https://hverrestaurant.is/en/,mailto:hver@hverrestaurant.is,https://www.facebook.com/hverrestaurant/,,http://www.rsk.is/fyrirtaekjaskra/leit/kennitala/7103982919,710398-2919
Víkurskáli 870 Vík,"Austurvegi 18, 870 Vík",,,mailto:elias@vikurskali.is,,,http://www.rsk.is/fyrirtaekjaskra/leit/kennitala/4207022050,420702-2050
Snaps Bistro,"Þórsgötu 1, 101 Reykjavík",511 6677,https://www.snaps.is/,mailto:snaps@snaps.is,https://www.facebook.com/Snaps-Bistro-346582855366947/,https://www.instagram.com/snapsbistro,http://www.rsk.is/fyrirtaekjaskra/leit/kennitala/4112110880,411211-0880
Yuzu,"Litlatúni 3, 210 Garðabæ",588 8818,https://www.yuzu.is/,mailto:yuzu@yuzu.is,https://www.facebook.com/yuzuburger,https://www.instagram.com/yuzuburger/,http://www.rsk.is/fyrirtaekjaskra/leit/kennitala/6408180500,640818-0500
OTO restaurant,"Hverfisgötu 44, 101 Reykjavík",454 9900,,mailto:oto@oto.is,,https://www.instagram.com/otorestaurant/,http://www.rsk.is/fyrirtaekjaskra/leit/kennitala/4702230650,470223-0650
Kaffi Borgir,"Dimmuborgum, 660 Mývatni",698 6810,https://kaffiborgir.is/,mailto:freddi@kaffiborgir.is,,,http://www.rsk.is/fyrirtaekjaskra/leit/kennitala/6502101660,650210-1660
Kanslarinn veitingahús,"Dynskálum 10c, 850 Hellu",,http://kanslarinn.is/,mailto:kanslarinnhellu@yahoo.com,https://www.facebook.com/HotelKanslarinn/?locale=is_IS,,http://www.rsk.is/fyrirtaekjaskra/leit/kennitala/7001892449,700189-2449
Ingólfsskáli,"Efstalandi, 816 Ölfusi",662 3400,https://www.ingolfsskali.is/,mailto:ingolfsskali@ingolfsskali.is,,,http://www.rsk.is/fyrirtaekjaskra/leit/kennitala/4401131090,440113-1090
Rauða húsið veitingahús,"Búðarstíg 4, 820 Eyrarbakka",,http://www.raudahusid.is/,mailto:raudahusid@raudahusid.is,https://www.facebook.com/raudahusid820,https://www.instagram.com/raudahusid,http://www.rsk.is/fyrirtaekjaskra/leit/kennitala/7007190650,700719-0650
Kráin,"Bárustíg 1, 900 Vestmannaeyjum",,,,,,http://www.rsk.is/fyrirtaekjaskra/leit/kennitala/6510072160,651007-2160
Salatbarinn Buffet Restaurant,"Faxafeni 9, 108 Reykjavík",,,,,,,
Dalakot gistiheimili og pizzastaður,"Dalbraut 2, 370 Búðardal",434 1644,https://dalakot.is/,mailto:dalakot@dalakot.is,,,http://www.rsk.is/fyrirtaekjaskra/leit/kennitala/6204132240,620413-2240
Durum restaurant & take away,"Laugavegi 42, 101 Reykjavík",,https://www.durum.is/,,,,http://www.rsk.is/fyrirtaekjaskra/leit/kennitala/6504052260,650405-2260
Veitingahúsið Varmá,"Hverhamri, 810 Hveragerði",,,mailto:restaurant@frostogfuni.is,,,http://www.rsk.is/fyrirtaekjaskra/leit/kennitala/6907080940,690708-0940
Café Loki,"Lokastíg 28, 101 Reykjavík",466 2828,https://loki.is/,mailto:bookings@loki.is,,,http://www.rsk.is/fyrirtaekjaskra/leit/kennitala/4712050440,471205-0440
Bubbly Bistro & Wine,"Austurvegi 1, 400 Ísafirði",792 9101,,mailto:bubblyisafjordur@gmail.com,https://www.facebook.com/profile.php?id=61562077733195,https://www.instagram.com/bubblyisafjordur/?fbclid=IwY2xjawEURYxleHRuA2FlbQIxMAABHeogD3oNYe7BS18D-4MBghcVbR3DYFeGBTHYJWdSNJKUuLooPEWY2shJdw_aem__qsTC72peKZ0bJAHBOMZeA,http://www.rsk.is/fyrirtaekjaskra/leit/kennitala/4303161170,430316-1170
Thai matstofan,"Suðurlandsbraut 52, 108 Reykjavík",553 3080,,,,,http://www.rsk.is/fyrirtaekjaskra/leit/kennitala/4410992749,441099-2749
Hótel Flókalundur gistihús veitingastaður,"Vatnsfirði, 451 Patreksfirði (dreifbýli)",456 2011,https://www.flokalundur.is/,mailto:flokalundur@flokalundur.is,https://www.facebook.com/hotel.flokalundur/,,http://www.rsk.is/fyrirtaekjaskra/leit/kennitala/6510992699,651099-2699
Hlöllabátar Hlölli - Hlölli,"Þverholti 1, 270 Mosfellsbæ",,https://hlolli.is/,mailto:hlolli@hlolli.is,https://www.facebook.com/hlollabatar,https://www.instagram.com/hlolli1986/,http://www.rsk.is/fyrirtaekjaskra/leit/kennitala/4203180300,420318-0300
"Eldstó Art Café & Hús Leirkerasmiðsins ehf - veitingastaður, gistiheimili og listagallerý","Austurvegi 2, 860 Hvolsvelli",,http://eldsto.is/,,,,http://www.rsk.is/fyrirtaekjaskra/leit/kennitala/5908043040,590804-3040
Grandi Mathöll,"Grandagarði 16, 101 Reykjavík",787 6200,http://www.grandimatholl.is/,mailto:info@grandimatholl.is,https://www.facebook.com/GrandiMatholl/,https://instagram.com/grandimatholl/,http://www.rsk.is/fyrirtaekjaskra/leit/kennitala/6509130350,650913-0350
Lóa Restaurant,"Laugavegi 95-99, 101 Reykjavík",595 8575,https://www.loa.is/,mailto:loa@loa.is,https://www.facebook.com/loarestaurant,https://www.instagram.com/loarestaurant/,http://www.rsk.is/fyrirtaekjaskra/leit/kennitala/6112231530,611223-1530
Akur - restaurant,"Bryggjugötu 4a, 101 Reykjavík",419 8500,http://akur-restaurant.is/,mailto:info@akur-restaurant.is,,,http://www.rsk.is/fyrirtaekjaskra/leit/kennitala/6109160740,610916-0740
American Style veitingastaðir,,,,,,,http://www.rsk.is/fyrirtaekjaskra/leit/kennitala/6810153610,681015-3610
Strikið veitingastaður,"Skipagötu 14, 600 Akureyri",462 7100,http://www.strikid.is/,,,,http://www.rsk.is/fyrirtaekjaskra/leit/kennitala/6707150430,670715-0430
Haust Restaurant,"Þórunnartúni 1, 105 Reykjavík",531 9020,https://www.haustrestaurant.is/,mailto:haust@haustrestaurant.is,,,http://www.rsk.is/fyrirtaekjaskra/leit/kennitala/6912094740,691209-4740
Bombay Bazaar ehf,"Ármúla 21, 108 Reykjavík",,,,,,http://www.rsk.is/fyrirtaekjaskra/leit/kennitala/6104170350,610417-0350
Minilik - eþíópískt veitingahús 845 Flúðum,,846 9798,,mailto:minilik@minilik.is,https://www.facebook.com/minilik2/?locale=is_IS,,,
Systrakaffi ehf,"Klausturvegi 13, 880 Kirkjubæjarklaustri",,https://www.systrakaffi.is/,mailto:systrakaffi@systrakaffi.is,,,http://www.rsk.is/fyrirtaekjaskra/leit/kennitala/5302012010,530201-2010
"Héraðsskólinn á Laugarvatni Gisting, veitingar og ráðstefnuþjónusta Opið allan ársins hring","Héraðsskóla, 840 Laugarvatni",537 8060,https://heradsskolinn.is/,mailto:booking@heradsskolinn.is,,,http://www.rsk.is/fyrirtaekjaskra/leit/kennitala/7005130680,700513-0680
Einsi Kaldi veitingastaður,"Vestmannabraut 28a, 900 Vestmannaeyjum",481 1415,https://www.einsikaldi.is/,mailto:einsikaldi@einsikaldi.is,https://www.facebook.com/einskikaldi/,,http://www.rsk.is/fyrirtaekjaskra/leit/kennitala/4204081960,420408-1960
Naustið veitingastaður,"Ásgarðsvegi 1, 640 Húsavík",464 1520,https://www.facebook.com/naustid,mailto:naustidfood@gmail.com,https://www.facebook.com/naustid,,http://www.rsk.is/fyrirtaekjaskra/leit/kennitala/4305062420,430506-2420
Kjöthúsið ehf,"Smiðjuvegi 24-26, rauð gata, 200 Kópavogi",557 8833,http://www.kjothusid.is/,mailto:kjothusid@kjothusid.is,,,http://www.rsk.is/fyrirtaekjaskra/leit/kennitala/6705932079,670593-2079
Aktu Taktu,,,,,,,http://www.rsk.is/fyrirtaekjaskra/leit/kennitala/6810153610,681015-3610
Íslenska Flatbakan,"Bæjarlind 2, 201 Kópavogi",567 1717,http://www.flatbakan.is/,mailto:flatbakan@flatbakan.is,https://www.facebook.com/islenskaflatbakan,https://instagram.com/flatbakan/,http://www.rsk.is/fyrirtaekjaskra/leit/kennitala/4411023050,441102-3050
Kaffi Norðurfjörður veitingahús,"Norðurfirði, 524 Árneshreppi",,https://www.nordurfjordur.is/,mailto:kaffi@nordurfjordur.is,,,http://www.rsk.is/fyrirtaekjaskra/leit/kennitala/4301690419,430169-0419
Fish House bar and grill,"Hafnargötu 6, 240 Grindavík",,http://www.fishhouse.is/,mailto:info@fishhouse.is,https://www.facebook.com/GrindavikFishHouse/?fref=ts,,http://www.rsk.is/fyrirtaekjaskra/leit/kennitala/7012141020,701214-1020
Brass Kitchen & bar,"Laugavegi 66, 101 Reykjavík",,https://www.brass.is/,mailto:info@brass.is,https://www.facebook.com/Brass-Kitchen-Bar-181547389047564/,https://instagram.com/brass.is/,http://www.rsk.is/fyrirtaekjaskra/leit/kennitala/6104170780,610417-0780
Bragdavellir Cottages Baggi ehf,"Bragðavöllum, 766 Djúpavogi",478 8240,https://www.bragdavellir.is/,mailto:info@bragdavellir.is,,,http://www.rsk.is/fyrirtaekjaskra/leit/kennitala/6308012490,630801-2490
Tryggvaskáli,"Austurvegi 1, við tryggvatorg, 800 Selfossi",,https://tryggvaskali.com/,,https://www.facebook.com/Tryggvaskali/,https://instagram.com/tryggvaskali2.0/,http://www.rsk.is/fyrirtaekjaskra/leit/kennitala/4505211080,450521-1080
Dirty burger & ribs,,,http://www.dirtyburgerandribs.is/,mailto:dbr@dbr.is,https://www.facebook.com/Dirty-Burger-Ribs-351231615024234/,,http://www.rsk.is/fyrirtaekjaskra/leit/kennitala/5802140960,580214-0960
Skessubrunnur ehf,"Tungu 1, 301 Akranesi (dreifbýli)",,,mailto:skessubrunnur@skessubrunnur.is,,,http://www.rsk.is/fyrirtaekjaskra/leit/kennitala/5203130870,520313-0870
Krua Thai ehf veitingastaður og heimsendingarþjónusta,"Bæjarlind 14-16, 201 Kópavogi",,https://www.kruathai.is/,,https://www.facebook.com/Krua-Thai-157740274317155/,,http://www.rsk.is/fyrirtaekjaskra/leit/kennitala/6007012150,600701-2150
Steikhúsið,"Tryggvagötu 4-6, 101 Reykjavík",,https://www.steik.is/,mailto:steik@steik.is,,,http://www.rsk.is/fyrirtaekjaskra/leit/kennitala/4608032680,460803-2680
Ítalía veitingahús,"Frakkastíg 8b, 101 Reykjavík",552 4630,https://www.italia.is/,mailto:italia@italia.is,,,http://www.rsk.is/fyrirtaekjaskra/leit/kennitala/4712922149,471292-2149
"ENN 1 SKÁLINN Bensínafgreiðsla, veitingasala, ís og sælgæti","Langanesvegi 12, 680 Þórshöfn",468 1274,http://lyngholt.is/,mailto:skalinn@lyngholt.is,https://www.facebook.com/enn1skalinn,,http://www.rsk.is/fyrirtaekjaskra/leit/kennitala/5306061630,530606-1630
BlackBox Pizzeria,"Borgartúni 26, 105 Reykjavík",,http://www.blackboxpizza.is/,mailto:blackbox@blackboxpizza.is,https://www.facebook.com/blackboxpizza.is,,http://www.rsk.is/fyrirtaekjaskra/leit/kennitala/5209170710,520917-0710
Café Retro ehf,"Grandagarði 14, 101 Reykjavík",,,,,,http://www.rsk.is/fyrirtaekjaskra/leit/kennitala/4312043710,431204-3710
Café Adesso Smáralind,,,,,,,http://www.rsk.is/fyrirtaekjaskra/leit/kennitala/5001023060,500102-3060
Hard wok cafe,"Aðalgötu 8, 550 Sauðárkróki",,,,,,http://www.rsk.is/fyrirtaekjaskra/leit/kennitala/4203090310,420309-0310
Svarti Sauðurinn - veitingastaður,"Unubakka 4, 815 Þorlákshöfn",,,,,,http://www.rsk.is/fyrirtaekjaskra/leit/kennitala/6405120750,640512-0750
Café Mezzo,"Lækjargötu 2a, 101 Reykjavík",,,,,,http://www.rsk.is/fyrirtaekjaskra/leit/kennitala/6908111110,690811-1110
113 ehf,"Gerðarbrunni 52, 113 Reykjavík",,,,,,http://www.rsk.is/fyrirtaekjaskra/leit/kennitala/5010230430,501023-0430
Geitin Garðabæ,"Urriðaholtsstræti 2-4, 210 Garðabæ",,,,,,http://www.rsk.is/fyrirtaekjaskra/leit/kennitala/5603212010,560321-2010
Hvönn Restaurant,"Skálholti, 806 Selfossi (dreifbýli)",,,,,,http://www.rsk.is/fyrirtaekjaskra/leit/kennitala/7006200420,700620-0420
Sólon Bistro,"Bankastræti 7a, 101 Reykjavík",,,,,,http://www.rsk.is/fyrirtaekjaskra/leit/kennitala/7009131550,700913-1550
Sushi train,"Tryggvagötu 13, 101 Reykjavík",,,,,,http://www.rsk.is/fyrirtaekjaskra/leit/kennitala/6504232160,650423-2160
El Faro Restaurant,"Norðurljósavegi 2, 251 Suðurnesjabæ",,,,,,http://www.rsk.is/fyrirtaekjaskra/leit/kennitala/5701220370,570122-0370
Gamla Pósthúsið - Bistro,"Pósthússtræti 13, 101 Reykjavík",,,,,,http://www.rsk.is/fyrirtaekjaskra/leit/kennitala/4608032680,460803-2680
,,,,,,,,
Ara restaurant bar,"Búðakór 1, 203 Kópavogi",,,,,,http://www.rsk.is/fyrirtaekjaskra/leit/kennitala/4311150930,431115-0930
Bæjarins beztu sf skrifstofa,"Tryggvagötu, 101 Reykjavík",,,,,,http://www.rsk.is/fyrirtaekjaskra/leit/kennitala/6007942569,600794-2569
Chickpea ehf.,"Hallveigarstíg 1, 101 Reykjavík",,,,,,http://www.rsk.is/fyrirtaekjaskra/leit/kennitala/4909190660,490919-0660
Restó Veitingahús,"Rauðarárstíg 27-29, 105 Reykjavík",,,,,,http://www.rsk.is/fyrirtaekjaskra/leit/kennitala/6801003140,680100-3140
Yellow,"Austurvegi 3, 800 Selfossi",,,,,,http://www.rsk.is/fyrirtaekjaskra/leit/kennitala/7105161030,710516-1030
YAM veitingahús,"Þverholti 2, 270 Mosfellsbæ",,,,,,http://www.rsk.is/fyrirtaekjaskra/leit/kennitala/6911993559,691199-3559
Kaffihúsið Húsið,"Hrannargötu 2, 400 Ísafirði",,,,,,http://www.rsk.is/fyrirtaekjaskra/leit/kennitala/6802120740,680212-0740
Veitingahúsið Hraun ehf,"Grundarbraut 2, 355 Ólafsvík",,,,,,http://www.rsk.is/fyrirtaekjaskra/leit/kennitala/5512141680,551214-1680
Gaia Restaurant,"Ægisgarði 2 Sólfell, 101 Reykjavík",,,,,,http://www.rsk.is/fyrirtaekjaskra/leit/kennitala/4502180490,450218-0490
Heitur matur,"Hrísalundi 5, 600 Akureyri",,,,,,http://www.rsk.is/fyrirtaekjaskra/leit/kennitala/6302043720,630204-3720
Harbour Restaurant and Bar,"Hafnarlóð 7, 545 Skagaströnd",,,,,,http://www.rsk.is/fyrirtaekjaskra/leit/kennitala/5105211530,510521-1530
Tanginn,"Básaskersbryggju 8, 900 Vestmannaeyjum",,,,,,http://www.rsk.is/fyrirtaekjaskra/leit/kennitala/5111130320,511113-0320
Surf and Turf,"Austurvegi 22, 800 Selfossi",,,,,,,
Frystiklefinn restaurant & bar,"Gamla Frystihúsið, 720 Borgarfirði eystra",,,,,,http://www.rsk.is/fyrirtaekjaskra/leit/kennitala/7105060430,710506-0430
Nielsen restaurant,"Tjarnarbraut 1, 700 Egilsstöðum",,,,,,http://www.rsk.is/fyrirtaekjaskra/leit/kennitala/4612180910,461218-0910
AALTO bistro veitinga- og kaffihús Norræna húsinu,,,,,,,http://www.rsk.is/fyrirtaekjaskra/leit/kennitala/5309130150,530913-0150
Pizzabær,"Þverholti 2, 270 Mosfellsbæ",,,,,,http://www.rsk.is/fyrirtaekjaskra/leit/kennitala/5206962539,520696-2539
Stykkið Pizzagerð,"Borgarbraut 1, 340 Stykkishólmi",,,,,,http://www.rsk.is/fyrirtaekjaskra/leit/kennitala/6806130440,680613-0440
Fosstún Guesthouse,"Fosstúni, 861 Hvolsvelli (dreifbýli)",,,,,,,
Fjörugarðurinn Fjaran,"Víkingastræti 1-3, 220 Hafnarfirði",,,,,,http://www.rsk.is/fyrirtaekjaskra/leit/kennitala/6304901119,630490-1119
Potturinn og pannan - veitingahús og veisluþjónusta,"Brautarholti 22, 105 Reykjavík",,,,,,http://www.rsk.is/fyrirtaekjaskra/leit/kennitala/4909090280,490909-0280
Blágrýti ehf,"Dalbraut 8, 620 Dalvík",,,,,,http://www.rsk.is/fyrirtaekjaskra/leit/kennitala/5710160870,571016-0870
,,,,,,,,
Gló,"Fákafeni 11, 108 Reykjavík",,,,,,http://www.rsk.is/fyrirtaekjaskra/leit/kennitala/7006080500,700608-0500
Kebab kings ehf,"Fjarðargötu 13-15, 220 Hafnarfirði",,,,,,http://www.rsk.is/fyrirtaekjaskra/leit/kennitala/6908141370,690814-1370
Kaffivagninn,"Grandagarði 10, 101 Reykjavík",,,,,,http://www.rsk.is/fyrirtaekjaskra/leit/kennitala/6603022630,660302-2630
Svarti Pétur,"Stillholti 16-18, 300 Akranesi",,,,,,http://www.rsk.is/fyrirtaekjaskra/leit/kennitala/4506141810,450614-1810
Dj grill,"Strandgötu 11, 600 Akureyri",,,,,,http://www.rsk.is/fyrirtaekjaskra/leit/kennitala/4507110200,450711-0200
TORGIÐ restaurant,"Gránugötu 23, 580 Siglufirði",,,,,,http://www.rsk.is/fyrirtaekjaskra/leit/kennitala/4103161960,410316-1960
Kopar Restaurant ehf,"Geirsgötu 3, 101 Reykjavík",,,,,,http://www.rsk.is/fyrirtaekjaskra/leit/kennitala/5402033850,540203-3850
ESG-veitingar ehf,"Hrafnadalsvegi, 460 Tálknafirði",,,,,,http://www.rsk.is/fyrirtaekjaskra/leit/kennitala/5104060790,510406-0790
Gamli Baukur,"Hafnarstétt 9, 640 Húsavík",,,,,,http://www.rsk.is/fyrirtaekjaskra/leit/kennitala/6311070870,631107-0870
A Hansen veitingastaður,"Vesturgötu 4, 220 Hafnarfirði",,,,,,http://www.rsk.is/fyrirtaekjaskra/leit/kennitala/5002160690,500216-0690
Block Burger,"Skólavörðustíg 8, bakhús, 101 Reykjavík",,,,,,http://www.rsk.is/fyrirtaekjaskra/leit/kennitala/5112140410,511214-0410
Old Iceland restaurant,"Laugavegi 72, 101 Reykjavík",,,,,,http://www.rsk.is/fyrirtaekjaskra/leit/kennitala/6904142440,690414-2440
Þula Café Bistro - Menningarhúsinu Bergi,"Goðabraut, 620 Dalvík",,,,,,http://www.rsk.is/fyrirtaekjaskra/leit/kennitala/4112081840,411208-1840
Gríska Húsið,"Spönginni 15, 112 Reykjavík",,,,,,http://www.rsk.is/fyrirtaekjaskra/leit/kennitala/5406160940,540616-0940
TÓST by Vínstúkan,"Laugavegi 27, 101 Reykjavík",,,,,,http://www.rsk.is/fyrirtaekjaskra/leit/kennitala/5504192380,550419-2380
Ginger veitingastaður,"Síðumúla 17, 108 Reykjavík",,,,,,http://www.rsk.is/fyrirtaekjaskra/leit/kennitala/4202101830,420210-1830
Caffe Bristól ehf,"Selvogsbraut 4, 815 Þorlákshöfn",,,,,,http://www.rsk.is/fyrirtaekjaskra/leit/kennitala/5903131650,590313-1650
Matur og drykkur,"Grandagarði 2, 101 Reykjavík",,,,,,http://www.rsk.is/fyrirtaekjaskra/leit/kennitala/5112141220,511214-1220
Viking Kebab,"Engihjalla 8, 200 Kópavogi",,,,,,http://www.rsk.is/fyrirtaekjaskra/leit/kennitala/5210111810,521011-1810
Culina veitingar,"Ránargötu 46, 101 Reykjavík",,,,,,http://www.rsk.is/fyrirtaekjaskra/leit/kennitala/6212161710,621216-1710
Edinborg Bistro ehf,"Aðalstræti 7, 400 Ísafirði",,,,,,http://www.rsk.is/fyrirtaekjaskra/leit/kennitala/6911180530,691118-0530
THAI Keflavík ehf,"Grænásbraut 920, 262 Reykjanesbæ",,,,,,http://www.rsk.is/fyrirtaekjaskra/leit/kennitala/5103051240,510305-1240
Mathús Garðabæjar,"Garðatorgi 4b, 210 Garðabæ",,,,,,http://www.rsk.is/fyrirtaekjaskra/leit/kennitala/5808220880,580822-0880
Fernando's,"Hafnargötu 28, 230 Reykjanesbæ",,,,,,http://www.rsk.is/fyrirtaekjaskra/leit/kennitala/4602202110,460220-2110
Gamli bærinn,"Gamla Bæ, 660 Mývatni",,,,,,http://www.rsk.is/fyrirtaekjaskra/leit/kennitala/6212976949,621297-6949
Gamla Pósthúsið - veitingahús,"Tjarnargötu 26, 190 Vogum",,,,,,,
Narfeyrarstofa,"Aðalgötu 3, 340 Stykkishólmi",,,,,,http://www.rsk.is/fyrirtaekjaskra/leit/kennitala/6706013660,670601-3660
Pizza 107,"Hagamel 67, 107 Reykjavík",,,,,,http://www.rsk.is/fyrirtaekjaskra/leit/kennitala/5302231080,530223-1080
Brú Guesthouse,"Brú, 861 Hvolsvelli (dreifbýli)",,,,,,http://www.rsk.is/fyrirtaekjaskra/leit/kennitala/6408012710,640801-2710
Café Atlanta,"Hlíðasmára 3, 201 Kópavogi",,,,,,http://www.rsk.is/fyrirtaekjaskra/leit/kennitala/6503871639,650387-1639
Haninn veitingastaður,"Suðurlandsbraut 46, 108 Reykjavík",,,,,,http://www.rsk.is/fyrirtaekjaskra/leit/kennitala/4305101260,430510-1260
,,,,,,,,
Kaffi Selfoss,"Eyravegi 2, 800 Selfossi",,,,,,http://www.rsk.is/fyrirtaekjaskra/leit/kennitala/6011152120,601115-2120
Meze,"Laugavegi 42, 101 Reykjavík",,,,,,http://www.rsk.is/fyrirtaekjaskra/leit/kennitala/6504052260,650405-2260
Veitingastaðurinn Leni,"Álfheimum 2, 104 Reykjavík",,,,,,http://www.rsk.is/fyrirtaekjaskra/leit/kennitala/5206131610,520613-1610
Chuck Norris grill ehf,"Laugavegi 30, 101 Reykjavík",,,,,,http://www.rsk.is/fyrirtaekjaskra/leit/kennitala/6802180560,680218-0560
Grillmeistarinn,,,,,,,,
Borgarpylsur,"Skeifunni 5, 108 Reykjavík",,,,,,,
Fjaran seafood and grill restaurant,"Naustagarði 2, 640 Húsavík",,,,,,http://www.rsk.is/fyrirtaekjaskra/leit/kennitala/4303160360,430316-0360
Fernando's Restaurant,"Hafnargötu 28, 230 Reykjanesbæ",,,,,,http://www.rsk.is/fyrirtaekjaskra/leit/kennitala/7011160700,701116-0700
Thai Grill,"Hagamel 67, 107 Reykjavík",,,,,,http://www.rsk.is/fyrirtaekjaskra/leit/kennitala/5405140620,540514-0620
Yndisauki - Bistro/Kaffihús/Sælkeraþjónusta,"Efstaleiti 25b, 103 Reykjavík",,,,,,http://www.rsk.is/fyrirtaekjaskra/leit/kennitala/6804042590,680404-2590
Verksmiðjan Restaurant ehf,"Glerártorgi, 600 Akureyri",,,,,,http://www.rsk.is/fyrirtaekjaskra/leit/kennitala/4710160390,471016-0390
Joe´s Diner,"Ármúla 7, 108 Reykjavík",,,,,,http://www.rsk.is/fyrirtaekjaskra/leit/kennitala/7001140230,700114-0230
Skreið,"Laugavegi 4, 101 Reykjavík",,,,,,http://www.rsk.is/fyrirtaekjaskra/leit/kennitala/5003220390,500322-0390
Höfnin veitingastaður,"Geirsgötu 7, 101 Reykjavík",,,,,,http://www.rsk.is/fyrirtaekjaskra/leit/kennitala/4905002430,490500-2430
Grill Kebab,"Hringbraut 92a, 230 Reykjanesbæ",,,,,,,
Sólvík veitingastaður,"Sólvík, 565 Hofsósi",,,,,,http://www.rsk.is/fyrirtaekjaskra/leit/kennitala/6605002940,660500-2940
Kebab Sara ehf.,"Grensásvegi 14, 108 Reykjavík",,,,,,http://www.rsk.is/fyrirtaekjaskra/leit/kennitala/4802221560,480222-1560
Hosiló,"Hverfisgötu 12, 101 Reykjavík",,,,,,http://www.rsk.is/fyrirtaekjaskra/leit/kennitala/4807201130,480720-1130
Shanghai Restaurant ehf,"Laugavegi 60, 101 Reykjavík",,,,,,http://www.rsk.is/fyrirtaekjaskra/leit/kennitala/4606141980,460614-1980
Kaffi Rauðka,"Gránugötu 19, 580 Siglufirði",,,,,,http://www.rsk.is/fyrirtaekjaskra/leit/kennitala/5008071210,500807-1210
,,,,,,,,
Vietnam Restaurant ehf,"Suðurlandsbraut 8, 108 Reykjavík",,,,,,http://www.rsk.is/fyrirtaekjaskra/leit/kennitala/4605101390,460510-1390
Veiðistaðurinn-The Fishing spot Veitingastaður,"Vesturbraut 12, 370 Búðardal",,,,,,http://www.rsk.is/fyrirtaekjaskra/leit/kennitala/4712101530,471210-1530
Gandhi indverskur veitingastaður,"Bergstaðastræti 13, 101 Reykjavík",,,,,,http://www.rsk.is/fyrirtaekjaskra/leit/kennitala/5812983669,581298-3669
Pylsubarinn Hafnarfirði,"Fjarðargötu 9, 220 Hafnarfirði",,,,,,http://www.rsk.is/fyrirtaekjaskra/leit/kennitala/6405962799,640596-2799
Papas pizza,"Hafnargötu 7a, 240 Grindavík",,,,,,http://www.rsk.is/fyrirtaekjaskra/leit/kennitala/5911130890,591113-0890
Sport & Grill Heimavöllur Ella,"Hagasmára 1 Smáralind, 201 Kópavogi",,,,,,http://www.rsk.is/fyrirtaekjaskra/leit/kennitala/5404042670,540404-2670
,,,,,,,,
Hlöðufell Restaurant ehf.,"Héðinsbraut 3, 640 Húsavík",,,,,,http://www.rsk.is/fyrirtaekjaskra/leit/kennitala/6502220750,650222-0750
Freyvangsleikhúsið,"Freyvangi, 605 Akureyri (dreifbýli)",,,,,,http://www.rsk.is/fyrirtaekjaskra/leit/kennitala/5410801399,541080-1399
Pizza 67,"Heiðarvegi 5, 900 Vestmannaeyjum",,,,,,http://www.rsk.is/fyrirtaekjaskra/leit/kennitala/5906140410,590614-0410
Pizzafjörður ehf,"Strandgötu 25, 735 Eskifirði",,,,,,http://www.rsk.is/fyrirtaekjaskra/leit/kennitala/7103110560,710311-0560
Lighthouse Restaurant ehf,"Kirkjubraut 8-10, 300 Akranesi",,,,,,http://www.rsk.is/fyrirtaekjaskra/leit/kennitala/6009130260,600913-0260
Akureyri Fish and Chips,"Óseyri 4, 600 Akureyri",,,,,,http://www.rsk.is/fyrirtaekjaskra/leit/kennitala/4303160520,430316-0520
Pizzan,,,,,,,http://www.rsk.is/fyrirtaekjaskra/leit/kennitala/6810161200,681016-1200
Friday's veitingastaður Smáralind,,,,,,,http://www.rsk.is/fyrirtaekjaskra/leit/kennitala/5712995349,571299-5349
Bryggjufélagið ehf. ehf,"Strandgötu 49 Gránufélagshús, 600 Akureyri",,,,,,http://www.rsk.is/fyrirtaekjaskra/leit/kennitala/4910982369,491098-2369
Logn - restaurant & bar Hótel Ísafirði,"Silfurtorgi 2, 400 Ísafirði",,,,,,http://www.rsk.is/fyrirtaekjaskra/leit/kennitala/6705750399,670575-0399
Sjávarpakkhúsið,"Hafnargötu 2, 340 Stykkishólmi",,,,,,http://www.rsk.is/fyrirtaekjaskra/leit/kennitala/6602161620,660216-1620
Vagninn ehf,"Hafnarstræti 19, 425 Flateyri",,,,,,http://www.rsk.is/fyrirtaekjaskra/leit/kennitala/4911071030,491107-1030
Heima hjá þér slf,"Tjarnarvöllum 15, 221 Hafnarfirði",,,,,,http://www.rsk.is/fyrirtaekjaskra/leit/kennitala/7110131800,711013-1800
Bautinn Grill,"Hafnarstræti 92 Bautinn, 600 Akureyri",,,,,,http://www.rsk.is/fyrirtaekjaskra/leit/kennitala/5404710379,540471-0379
Primo,"Þingholtsstræti 1, 101 Reykjavík",,,,,,http://www.rsk.is/fyrirtaekjaskra/leit/kennitala/6005110840,600511-0840
Hannesarholt,"Grundarstíg 10, 101 Reykjavík",,,,,,http://www.rsk.is/fyrirtaekjaskra/leit/kennitala/7108090890,710809-0890
Green Highlander ehf,"Smiðjustíg 13, 101 Reykjavík",,,,,,http://www.rsk.is/fyrirtaekjaskra/leit/kennitala/4711130340,471113-0340
Frón veitingar ehf,"Eyravegi 35, 800 Selfossi",,,,,,http://www.rsk.is/fyrirtaekjaskra/leit/kennitala/5703090210,570309-0210
Vefjan ehf,"Gnoðarvogi 44, 104 Reykjavík",,,,,,http://www.rsk.is/fyrirtaekjaskra/leit/kennitala/5601231240,560123-1240
Castello - Pizzeria,,,,,,,http://www.rsk.is/fyrirtaekjaskra/leit/kennitala/6704090230,670409-0230
Jörgensen Kitchen & Bar ehf,"Laugavegi 120, 105 Reykjavík",,,,,,http://www.rsk.is/fyrirtaekjaskra/leit/kennitala/4509051430,450905-1430
Nepalese Kitchen,"Laugavegi 60a, 101 Reykjavík",,,,,,http://www.rsk.is/fyrirtaekjaskra/leit/kennitala/4309140570,430914-0570
Craft Burger Kitchen ehf,"Nýbýlavegi 6, 200 Kópavogi",,,,,,http://www.rsk.is/fyrirtaekjaskra/leit/kennitala/5408180880,540818-0880
Astro Pizza,"Glerárgötu 34b, 600 Akureyri",,,,,,http://www.rsk.is/fyrirtaekjaskra/leit/kennitala/6407180130,640718-0130
Askur veitingahús,"Suðurlandsbraut 4, 108 Reykjavík",,,,,,http://www.rsk.is/fyrirtaekjaskra/leit/kennitala/4302200120,430220-0120
Reykjavík chips,,,,,,,http://www.rsk.is/fyrirtaekjaskra/leit/kennitala/4602202540,460220-2540
The Restaurant Academy ehf,"Lyngbrekku 7, 200 Kópavogi",,,,,,http://www.rsk.is/fyrirtaekjaskra/leit/kennitala/6007211270,600721-1270
Skaftfell bistro,"Austurvegi 42, 710 Seyðisfirði",,,,,,http://www.rsk.is/fyrirtaekjaskra/leit/kennitala/6507972649,650797-2649
Sakebarinn veitingastaður,"Laugavegi 2, 101 Reykjavík",,,,,,http://www.rsk.is/fyrirtaekjaskra/leit/kennitala/4407032240,440703-2240
Pizza King ehf,"Skipholti 70, 105 Reykjavík",,,,,,http://www.rsk.is/fyrirtaekjaskra/leit/kennitala/4205050940,420505-0940
Fine Restaurant,"Rauðarárstíg 33, 105 Reykjavík",,,,,,http://www.rsk.is/fyrirtaekjaskra/leit/kennitala/5703151290,570315-1290
Hendur í höfn kaffihús og glervinnustofa,"Selvogsbraut 4, 815 Þorlákshöfn",,,,,,http://www.rsk.is/fyrirtaekjaskra/leit/kennitala/7012150790,701215-0790
Jón sterki matsölustaður,"Iðndal 2, 190 Vogum",,,,,,http://www.rsk.is/fyrirtaekjaskra/leit/kennitala/5302070480,530207-0480
Tilveran veitingahús,"Linnetsstíg 1, 220 Hafnarfirði",,,,,,http://www.rsk.is/fyrirtaekjaskra/leit/kennitala/4606061950,460606-1950
Hamborgarasmiðjan,"Grensásvegi 5-7, 108 Reykjavík",,,,,,http://www.rsk.is/fyrirtaekjaskra/leit/kennitala/6501130200,650113-0200
BRÚT Restaurant,"Pósthússtræti 2, 101 Reykjavík",,,,,,http://www.rsk.is/fyrirtaekjaskra/leit/kennitala/6301200120,630120-0120
59 Bistro Bar,"Grundargötu 59, 350 Grundarfirði",,,,,,http://www.rsk.is/fyrirtaekjaskra/leit/kennitala/5005130390,500513-0390
Djúsí Sushi,"Pósthússtræti 3, 101 Reykjavík",,,,,,http://www.rsk.is/fyrirtaekjaskra/leit/kennitala/6012212090,601221-2090
,,,,,,,,
Bangkok ehf,"Smiðjuvegi 11, 200 Kópavogi",,,,,,http://www.rsk.is/fyrirtaekjaskra/leit/kennitala/5504142010,550414-2010
Serrano,,,,,,,http://www.rsk.is/fyrirtaekjaskra/leit/kennitala/4110022840,411002-2840
Hepputorg,"Heppuvegi 6, 780 Höfn í Hornafirði",,,,,,http://www.rsk.is/fyrirtaekjaskra/leit/kennitala/5504212750,550421-2750
Gamla Kaupfélagið / Veislur og viðburðir ehf,"Kirkjubraut 11, 300 Akranesi",,,,,,http://www.rsk.is/fyrirtaekjaskra/leit/kennitala/6203161050,620316-1050
Flugkaffi,"Akureyrarflugvelli, 600 Akureyri",,,,,,http://www.rsk.is/fyrirtaekjaskra/leit/kennitala/6108032880,610803-2880
Veitingahúsið Suður-Vík ehf,"Suðurvíkurvegi 1, 870 Vík",,,,,,http://www.rsk.is/fyrirtaekjaskra/leit/kennitala/6708120140,670812-0140
Thai Sakhon Restaurant,"Selvogsbraut 41, 815 Þorlákshöfn",,,,,,http://www.rsk.is/fyrirtaekjaskra/leit/kennitala/5903033560,590303-3560
Kaffi Hornið veitingastaður,"Hafnarbraut 42, 780 Höfn í Hornafirði",,,,,,http://www.rsk.is/fyrirtaekjaskra/leit/kennitala/5502992679,550299-2679
Kína Flavour veitingastaður,"Lækjargötu 10, 101 Reykjavík",,,,,,http://www.rsk.is/fyrirtaekjaskra/leit/kennitala/6007100440,600710-0440
KastrupRVK,"Hverfisgötu 6, 101 Reykjavík",,,,,,http://www.rsk.is/fyrirtaekjaskra/leit/kennitala/7101220750,710122-0750
Babalú ehf,"Skólavörðustíg 22, 101 Reykjavík",,,,,,http://www.rsk.is/fyrirtaekjaskra/leit/kennitala/4606080150,460608-0150
Smurbrauðstofan Bitahöllin,"Stórhöfða 15, 110 Reykjavík",,,,,,http://www.rsk.is/fyrirtaekjaskra/leit/kennitala/4811881569,481188-1569
Lausn matvæli ehf,"Suðurlandsbraut 2, 108 Reykjavík",,,,,,http://www.rsk.is/fyrirtaekjaskra/leit/kennitala/5311140940,531114-0940
Pünk Restaurant,"Hverfisgötu 20, 101 Reykjavík",,,,,,http://www.rsk.is/fyrirtaekjaskra/leit/kennitala/5702230700,570223-0700
Ásmundarsalur ehf,"Freyjugötu 41, 101 Reykjavík",,,,,,http://www.rsk.is/fyrirtaekjaskra/leit/kennitala/5904160370,590416-0370
Rossopomodoro veitingastaður,"Laugavegi 40a, 101 Reykjavík",,,,,,http://www.rsk.is/fyrirtaekjaskra/leit/kennitala/6103060120,610306-0120
Bambus,"Borgartúni 16, 105 Reykjavík",,,,,,http://www.rsk.is/fyrirtaekjaskra/leit/kennitala/4811120870,481112-0870
Höllin veitingahús ehf,"Hafnargötu 16, 625 Ólafsfirði",,,,,,http://www.rsk.is/fyrirtaekjaskra/leit/kennitala/5206061490,520606-1490
Pylsuvagninn Selfossi ehf v/Tryggvatorg,,,,,,,http://www.rsk.is/fyrirtaekjaskra/leit/kennitala/4304022420,430402-2420
Jordan Grill,"Hamraborg 14a, 200 Kópavogi",,,,,,http://www.rsk.is/fyrirtaekjaskra/leit/kennitala/4709091610,470909-1610
Pakkhús - veitingar ehf,"Krosseyjarvegi 3, 780 Höfn í Hornafirði",,,,,,http://www.rsk.is/fyrirtaekjaskra/leit/kennitala/6911111640,691111-1640
Ramen Momo,"Tryggvagötu 16, 101 Reykjavík",,,,,,http://www.rsk.is/fyrirtaekjaskra/leit/kennitala/7009081430,700908-1430
27 Mathús & Bar,"Víkurhvarfi 1, 203 Kópavogi",,,,,,http://www.rsk.is/fyrirtaekjaskra/leit/kennitala/5103161690,510316-1690
Messinn,"Lækjargötu 6b, 101 Reykjavík",,,,,,http://www.rsk.is/fyrirtaekjaskra/leit/kennitala/6205131560,620513-1560
Áslákur alvöru sveitakrá ehf,"Ási, 270 Mosfellsbæ",,,,,,http://www.rsk.is/fyrirtaekjaskra/leit/kennitala/4202042130,420204-2130
Norð Austur sushi & bar,"Norðurgötu 2, 710 Seyðisfirði",,,,,,http://www.rsk.is/fyrirtaekjaskra/leit/kennitala/5107032510,510703-2510
Pizzavagninn,"Laxárdal 2, 804 Selfossi (dreifbýli)",,,,,,http://www.rsk.is/fyrirtaekjaskra/leit/kennitala/6606081920,660608-1920
Grái Kötturinn kaffistofa,"Hverfisgötu 16a, 101 Reykjavík",,,,,,,
Café Milanó,"Faxafeni 11, 108 Reykjavík",,,,,,http://www.rsk.is/fyrirtaekjaskra/leit/kennitala/6812922099,681292-2099
Nonnabiti,"Bæjarlind 14-16, 201 Kópavogi",,,,,,http://www.rsk.is/fyrirtaekjaskra/leit/kennitala/5008952339,500895-2339
Devitos Pizza ehf,"Laugavegi 126, 105 Reykjavík",,,,,,http://www.rsk.is/fyrirtaekjaskra/leit/kennitala/4204032320,420403-2320
Deli veitingastaður,"Bankastræti 14, 101 Reykjavík",,,,,,http://www.rsk.is/fyrirtaekjaskra/leit/kennitala/4208022180,420802-2180
Byrja ehf. ehf,"Austurvegi 3, 800 Selfossi",,,,,,http://www.rsk.is/fyrirtaekjaskra/leit/kennitala/7010230210,701023-0210
Kaffi Bifröst,"Bifröst, 311 Borgarnesi (dreifbýli)",,,,,,http://www.rsk.is/fyrirtaekjaskra/leit/kennitala/5502690239,550269-0239
Drekinn Foldaskála,"Hverafold 1-3, 112 Reykjavík",,,,,,http://www.rsk.is/fyrirtaekjaskra/leit/kennitala/4910140400,491014-0400
Skálinn í Þorlákshöfn,"Óseyrarbraut 15, 815 Þorlákshöfn",,,,,,http://www.rsk.is/fyrirtaekjaskra/leit/kennitala/6708042910,670804-2910
Hvíta Húsið skemmtistaður og sportbar,"Hrísmýri 6, 800 Selfossi",,,,,,http://www.rsk.is/fyrirtaekjaskra/leit/kennitala/7101013530,710101-3530
Skipper,"Þvervegi 2, 340 Stykkishólmi",,,,,,http://www.rsk.is/fyrirtaekjaskra/leit/kennitala/4809231890,480923-1890
Pronto Pizzur,"Ketilsbraut 22, 640 Húsavík",,,,,,http://www.rsk.is/fyrirtaekjaskra/leit/kennitala/6301692919,630169-2919
Canton ehf,"Strandvegi 49, 900 Vestmannaeyjum",,,,,,http://www.rsk.is/fyrirtaekjaskra/leit/kennitala/4607120680,460712-0680
Kaffi Vínyl,,,,,,,http://www.rsk.is/fyrirtaekjaskra/leit/kennitala/4505150350,450515-0350
Skalli,"Austurvegi 46, 800 Selfossi",,,,,,http://www.rsk.is/fyrirtaekjaskra/leit/kennitala/4202061190,420206-1190
Reykjavík Kitchen (Restaurant),"Rauðarárstíg 8, 105 Reykjavík",,,,,,http://www.rsk.is/fyrirtaekjaskra/leit/kennitala/5204180240,520418-0240
Grand Brasserie,"Sigtúni 38, 105 Reykjavík",,,,,,http://www.rsk.is/fyrirtaekjaskra/leit/kennitala/6301692919,630169-2919
Krua Mai - tælenski veitingastaðurinn,"Spönginni 13, 112 Reykjavík",,,,,,http://www.rsk.is/fyrirtaekjaskra/leit/kennitala/5005051840,500505-1840
Kröns kitchen & bar,"Laugavegi 74, 101 Reykjavík",,,,,,http://www.rsk.is/fyrirtaekjaskra/leit/kennitala/4505091590,450509-1590
"Hólanes restaurant - Kántrýbær, 545 Skagaströnd",,,,,,,http://www.rsk.is/fyrirtaekjaskra/leit/kennitala/6802061470,680206-1470
Z Bistro,"Víkurbraut 2, 780 Höfn í Hornafirði",,,,,,http://www.rsk.is/fyrirtaekjaskra/leit/kennitala/6209151650,620915-1650
Salt cafe bistro,"Miðvangi 2, 700 Egilsstöðum",,,,,,http://www.rsk.is/fyrirtaekjaskra/leit/kennitala/5406051490,540605-1490
Wilsons pizza,"Eddufelli 6, 111 Reykjavík",,,,,,http://www.rsk.is/fyrirtaekjaskra/leit/kennitala/5804051770,580405-1770
Apotek restaurant,"Austurstræti 16, 101 Reykjavík",,,,,,http://www.rsk.is/fyrirtaekjaskra/leit/kennitala/5202131550,520213-1550
Veitingahúsið Múlakaffi,"Hallarmúla 1, 108 Reykjavík",,,,,,http://www.rsk.is/fyrirtaekjaskra/leit/kennitala/6607720229,660772-0229
Smass,"Ægisíðu 123, 107 Reykjavík",,,,,,http://www.rsk.is/fyrirtaekjaskra/leit/kennitala/5901110660,590111-0660
KNA Veitingar ehf,"Eyrarvegi 3, 680 Þórshöfn",,,,,,http://www.rsk.is/fyrirtaekjaskra/leit/kennitala/5909141180,590914-1180
900 Grillhús,"Vestmannabraut 23, 900 Vestmannaeyjum",,,,,,http://www.rsk.is/fyrirtaekjaskra/leit/kennitala/4910180970,491018-0970
Fjallkonan krá & kræsingar ehf,"Hafnarstræti 1-3, 101 Reykjavík",,,,,,http://www.rsk.is/fyrirtaekjaskra/leit/kennitala/5701190600,570119-0600
Fáfnisglóð ehf,"Vesturhrauni 3, 210 Garðabæ",,,,,,http://www.rsk.is/fyrirtaekjaskra/leit/kennitala/5406962259,540696-2259
Kaupvangskaffi,"Hafnarbyggð 4, 690 Vopnafirði",,,,,,http://www.rsk.is/fyrirtaekjaskra/leit/kennitala/6701142010,670114-2010
Bókakaffi Hlöðum,"Helgafelli 2, 700 Egilsstöðum",,,,,,,
Fjöruhúsið,"Hellnum, 356 Snæfellsbæ",,,,,,,
Matarlyst Café-Bar-Restaurant,"Austurvegi 35, 800 Selfossi",,,,,,http://www.rsk.is/fyrirtaekjaskra/leit/kennitala/5305130760,530513-0760
Grettistak veitingar ehf,"Heimavist FNV, 550 Sauðárkróki",,,,,,http://www.rsk.is/fyrirtaekjaskra/leit/kennitala/4510012210,451001-2210
Grazie Trattoria ehf,"Hverfisgötu 94-96, 101 Reykjavík",,,,,,http://www.rsk.is/fyrirtaekjaskra/leit/kennitala/5207212150,520721-2150
Gamla fjósið ehf,"Hvassafelli, 861 Hvolsvelli (dreifbýli)",,,,,,http://www.rsk.is/fyrirtaekjaskra/leit/kennitala/5805110580,580511-0580
Sjómannastofan Vör,"Hafnargötu 9, 240 Grindavík",,,,,,http://www.rsk.is/fyrirtaekjaskra/leit/kennitala/6301962219,630196-2219
Satvik restaurant ehf.,"Faxabraut 31b, 230 Reykjanesbæ",,,,,,http://www.rsk.is/fyrirtaekjaskra/leit/kennitala/6710180600,671018-0600
Ak-Inn,"Hörgárbraut, 603 Akureyri",,,,,,http://www.rsk.is/fyrirtaekjaskra/leit/kennitala/4211111110,421111-1110
Veitingahúsið Krua Siam,"Strandgötu 13, 600 Akureyri",,,,,,http://www.rsk.is/fyrirtaekjaskra/leit/kennitala/5102023330,510202-3330
Kaffi ást ehf,,,,,,,http://www.rsk.is/fyrirtaekjaskra/leit/kennitala/4903932939,490393-2939
Kríuveitingar ehf,"Nýja-Sjálandi, 611 Grímsey",,,,,,http://www.rsk.is/fyrirtaekjaskra/leit/kennitala/4505043510,450504-3510
Álftanes Kaffi,"Breiðumýri, 225 Garðabæ",,,,,,http://www.rsk.is/fyrirtaekjaskra/leit/kennitala/4705151120,470515-1120
Doddagrill ehf,"Heiðartúni 1, 250 Suðurnesjabæ",,,,,,http://www.rsk.is/fyrirtaekjaskra/leit/kennitala/5605141070,560514-1070
Culiacan veitingastaður,"Suðurlandsbraut 4a, 108 Reykjavík",,,,,,http://www.rsk.is/fyrirtaekjaskra/leit/kennitala/4103162260,410316-2260
Fish & Chips Vagninn,"Hlésgötu, 101 Reykjavík",,,,,,http://www.rsk.is/fyrirtaekjaskra/leit/kennitala/5511051050,551105-1050
SÓL restaurant,"Óseyrarbraut 27c, 220 Hafnarfirði",,,,,,http://www.rsk.is/fyrirtaekjaskra/leit/kennitala/4905220260,490522-0260
La Barceloneta,"Templarasundi 3, 101 Reykjavík",,,,,,http://www.rsk.is/fyrirtaekjaskra/leit/kennitala/5705210470,570521-0470
Zorbian hot,"Hringbraut 119, 101 Reykjavík",,,,,,http://www.rsk.is/fyrirtaekjaskra/leit/kennitala/7008190860,700819-0860
T Bone steikhús,"Brekkugötu 3, 600 Akureyri",,,,,,http://www.rsk.is/fyrirtaekjaskra/leit/kennitala/5104120360,510412-0360
Benzincafe,"Grensásvegi 3, 108 Reykjavík",,,,,,http://www.rsk.is/fyrirtaekjaskra/leit/kennitala/5612983439,561298-3439
Liyuan Chinese Restaurant ehf,"Reykjavíkurvegi 68, 220 Hafnarfirði",,,,,,http://www.rsk.is/fyrirtaekjaskra/leit/kennitala/4704140490,470414-0490
Kaffi Krús,"Austurvegi 7, 800 Selfossi",,,,,,http://www.rsk.is/fyrirtaekjaskra/leit/kennitala/4703180660,470318-0660
Burro,"Veltusundi 1, 2. hæð, 101 Reykjavík",,,,,,http://www.rsk.is/fyrirtaekjaskra/leit/kennitala/5004181760,500418-1760
Rok veitingahús,"Frakkastíg 26a, 101 Reykjavík",,,,,,http://www.rsk.is/fyrirtaekjaskra/leit/kennitala/6706140340,670614-0340
Scandinavian Smørrebrød og Brasserie,"Laugavegi 22a, 101 Reykjavík",,,,,,http://www.rsk.is/fyrirtaekjaskra/leit/kennitala/6506130230,650613-0230
Thai Koon ehf,"Hafnarstræti 9-13, 400 Ísafirði",,,,,,http://www.rsk.is/fyrirtaekjaskra/leit/kennitala/5308012090,530801-2090
Geysir glíma,"Haukadal, 806 Selfossi (dreifbýli)",,,,,,http://www.rsk.is/fyrirtaekjaskra/leit/kennitala/5203090470,520309-0470
Dúos ehf. ehf,,,,,,,http://www.rsk.is/fyrirtaekjaskra/leit/kennitala/6804151290,680415-1290
Cafe Margret Heimaleiti,"Þverhamri, 761 Breiðdalsvík",,,,,,http://www.rsk.is/fyrirtaekjaskra/leit/kennitala/6101090200,610109-0200
RIF restaurant,"Fjarðargötu 13-15, 220 Hafnarfirði",,,,,,http://www.rsk.is/fyrirtaekjaskra/leit/kennitala/6101192040,610119-2040
VON mathús og bar,"Strandgötu 75, 220 Hafnarfirði",,,,,,http://www.rsk.is/fyrirtaekjaskra/leit/kennitala/5308150720,530815-0720
Sprettur-Inn veitingar ehf,"Kaupangi, 600 Akureyri",,,,,,http://www.rsk.is/fyrirtaekjaskra/leit/kennitala/6209002570,620900-2570
Símstöðin cafe,"Hafnarstræti 102, 600 Akureyri",,,,,,http://www.rsk.is/fyrirtaekjaskra/leit/kennitala/6801140480,680114-0480
Energia veitingahús Smáralind,"Hagasmára 1 Smáralind, 201 Kópavogi",,,,,,http://www.rsk.is/fyrirtaekjaskra/leit/kennitala/5212050160,521205-0160
Essensia veitingastaður,"Hverfisgötu 6, 101 Reykjavík",,,,,,http://www.rsk.is/fyrirtaekjaskra/leit/kennitala/6509141980,650914-1980
Nora Magasín ehf veitingastaður,"Pósthússtræti 9, 101 Reykjavík",,,,,,http://www.rsk.is/fyrirtaekjaskra/leit/kennitala/6504161710,650416-1710
Fiskibarinn Sæland ehf.,,,,,,,http://www.rsk.is/fyrirtaekjaskra/leit/kennitala/6812211310,681221-1310
Veitingahúsið Brúin,"Hafnargötu 26, 240 Grindavík",,,,,,http://www.rsk.is/fyrirtaekjaskra/leit/kennitala/6903111000,690311-1000
Berlín,"Skipagötu 4, 600 Akureyri",,,,,,http://www.rsk.is/fyrirtaekjaskra/leit/kennitala/6810154180,681015-4180
Kaffi Laugalækur,"Laugarnesvegi 74a, 105 Reykjavík",,,,,,http://www.rsk.is/fyrirtaekjaskra/leit/kennitala/4205162660,420516-2660
Kebab-Center,"Dalvegi 2, 201 Kópavogi",,,,,,http://www.rsk.is/fyrirtaekjaskra/leit/kennitala/6704090230,670409-0230
Kaffihúsið Eskifirði ehf - Gisting,"Hólsvegi 7, 735 Eskifirði",,,,,,http://www.rsk.is/fyrirtaekjaskra/leit/kennitala/4504110350,450411-0350
Rizzo Express ehf,,,,,,,http://www.rsk.is/fyrirtaekjaskra/leit/kennitala/5710140760,571014-0760
GOTT veitingastaður ehf,"Bárustíg 11, 900 Vestmannaeyjum",,,,,,http://www.rsk.is/fyrirtaekjaskra/leit/kennitala/6204090810,620409-0810
Fresco,"Suðurlandsbraut 48, bláu húsunum Faxafeni, 108 Reykjavík",,,,,,http://www.rsk.is/fyrirtaekjaskra/leit/kennitala/4609060590,460906-0590
Gregdalvík ehf,"Goðabraut 3, 620 Dalvík",,,,,,http://www.rsk.is/fyrirtaekjaskra/leit/kennitala/6911110910,691111-0910
Viðvík Restaurant,"Viðvík, 360 Hellissandi",,,,,,http://www.rsk.is/fyrirtaekjaskra/leit/kennitala/6504170380,650417-0380
Arna ís- og kaffibar ehf,"Eiðistorgi 15, 170 Seltjarnarnesi",,,,,,http://www.rsk.is/fyrirtaekjaskra/leit/kennitala/6206161840,620616-1840
Gullöldin cafe-bar,"Hverafold 5, 112 Reykjavík",,,,,,http://www.rsk.is/fyrirtaekjaskra/leit/kennitala/6708071260,670807-1260
Frederiksen Ale House,"Hafnarstræti 5, 101 Reykjavík",,,,,,http://www.rsk.is/fyrirtaekjaskra/leit/kennitala/5209130330,520913-0330
Himalayan Spice ehf.,"Geirsgötu 3, 101 Reykjavík",,,,,,http://www.rsk.is/fyrirtaekjaskra/leit/kennitala/4805181600,480518-1600
Ráin ehf,"Hafnargötu 19a, 230 Reykjanesbæ",,,,,,http://www.rsk.is/fyrirtaekjaskra/leit/kennitala/4804024210,480402-4210
Fiskistjarnan ehf,"Dalsgerði 3f, 600 Akureyri",,,,,,http://www.rsk.is/fyrirtaekjaskra/leit/kennitala/4503090600,450309-0600
Hressingarskálinn,,,,,,,http://www.rsk.is/fyrirtaekjaskra/leit/kennitala/5703210130,570321-0130
Veitingahúsið Esjustofa - Veitinga- og þjónustumiðstöð,"Mógilsá, 162 Reykjavík",,,,,,,
